Round,Participant,Raw Input,Summary,Cluster,Cluster Label,Cluster Size
7,P002db135,Critical systems need human-in-the-loop safeguards against AI failures.,Critical systems need human-in-the-loop safeguards against AI failures.,C4,Critical systems need human-in-the-loop safeguards against A...,14
7,P044ecf5c,AI in healthcare could save lives through better diagnosis and treatment.,AI in healthcare could save lives through better diagnosis and treatment.,C3,"From my perspective, ai in healthcare could save lives throu...",15
7,P06330240,Clear liability frameworks when AI systems fail in critical applications.,Clear liability frameworks when AI systems fail in critical applications.,C2,"From my perspective, clear liability frameworks when ai syst...",16
7,P0ab6ce41,We must consider that benefits could be enormous but risks require careful management.,We must consider that benefits could be enormous but risks require careful manag...,C1,Benefits could be enormous but risks require careful managem...,19
7,P0d87a908,It's crucial that benefits could be enormous but risks require careful management.,It's crucial that benefits could be enormous but risks require careful managemen...,C1,Benefits could be enormous but risks require careful managem...,19
7,P0f32ae92,I believe ai in healthcare could save lives through better diagnosis and treatment.,I believe ai in healthcare could save lives through better diagnosis and treatme...,C3,"From my perspective, ai in healthcare could save lives throu...",15
7,P0f5473a7,We must consider that extensive testing and certification before deploying ai in infrastructure.,We must consider that extensive testing and certification before deploying ai in...,C5,I believe extensive testing and certification before deployi...,14
7,P119504ae,I believe clear liability frameworks when ai systems fail in critical applications.,I believe clear liability frameworks when ai systems fail in critical applicatio...,C2,"From my perspective, clear liability frameworks when ai syst...",16
7,P12bcacb9,I believe extensive testing and certification before deploying ai in infrastructure.,I believe extensive testing and certification before deploying ai in infrastruct...,C5,I believe extensive testing and certification before deployi...,14
7,P135c59bc,I believe benefits could be enormous but risks require careful management.,I believe benefits could be enormous but risks require careful management.,C1,Benefits could be enormous but risks require careful managem...,19
7,P13b01763,It's crucial that cybersecurity protections against ai system manipulation.,It's crucial that cybersecurity protections against ai system manipulation.,C7,Cybersecurity protections against AI system manipulation.,10
7,P183fe416,We must consider that critical systems need human-in-the-loop safeguards against ai failures.,We must consider that critical systems need human-in-the-loop safeguards against...,C4,Critical systems need human-in-the-loop safeguards against A...,14
7,P1f737eee,It's crucial that cybersecurity protections against ai system manipulation.,It's crucial that cybersecurity protections against ai system manipulation.,C7,Cybersecurity protections against AI system manipulation.,10
7,P21db03f4,Critical systems need human-in-the-loop safeguards against AI failures.,Critical systems need human-in-the-loop safeguards against AI failures.,C4,Critical systems need human-in-the-loop safeguards against A...,14
7,P2324fc7b,We must consider that extensive testing and certification before deploying ai in infrastructure.,We must consider that extensive testing and certification before deploying ai in...,C5,I believe extensive testing and certification before deployi...,14
7,P2381b85a,We must consider that ai in healthcare could save lives through better diagnosis and treatment.,We must consider that ai in healthcare could save lives through better diagnosis...,C3,"From my perspective, ai in healthcare could save lives throu...",15
7,P246cc61f,I believe gradual deployment with continuous monitoring and evaluation.,I believe gradual deployment with continuous monitoring and evaluation.,C6,"From my perspective, gradual deployment with continuous moni...",12
7,P296e49c2,"From my perspective, critical systems need human-in-the-loop safeguards against ai failures.","From my perspective, critical systems need human-in-the-loop safeguards against ...",C4,Critical systems need human-in-the-loop safeguards against A...,14
7,P322599fb,"From my perspective, benefits could be enormous but risks require careful management.","From my perspective, benefits could be enormous but risks require careful manage...",C1,Benefits could be enormous but risks require careful managem...,19
7,P3272202c,I believe extensive testing and certification before deploying ai in infrastructure.,I believe extensive testing and certification before deploying ai in infrastruct...,C5,I believe extensive testing and certification before deployi...,14
7,P32814f77,We must consider that critical systems need human-in-the-loop safeguards against ai failures.,We must consider that critical systems need human-in-the-loop safeguards against...,C4,Critical systems need human-in-the-loop safeguards against A...,14
7,P33c92c55,Benefits could be enormous but risks require careful management.,Benefits could be enormous but risks require careful management.,C1,Benefits could be enormous but risks require careful managem...,19
7,P37e79c19,We must consider that ai in healthcare could save lives through better diagnosis and treatment.,We must consider that ai in healthcare could save lives through better diagnosis...,C3,"From my perspective, ai in healthcare could save lives throu...",15
7,P39b8ee3e,I believe ai in healthcare could save lives through better diagnosis and treatment.,I believe ai in healthcare could save lives through better diagnosis and treatme...,C3,"From my perspective, ai in healthcare could save lives throu...",15
7,P3d508b19,Cybersecurity protections against AI system manipulation.,Cybersecurity protections against AI system manipulation.,C7,Cybersecurity protections against AI system manipulation.,10
7,P42ae8d81,Extensive testing and certification before deploying AI in infrastructure.,Extensive testing and certification before deploying AI in infrastructure.,C5,I believe extensive testing and certification before deployi...,14
7,P439843c7,It's crucial that extensive testing and certification before deploying ai in infrastructure.,It's crucial that extensive testing and certification before deploying ai in inf...,C5,I believe extensive testing and certification before deployi...,14
7,P45ebecd9,We must consider that ai in healthcare could save lives through better diagnosis and treatment.,We must consider that ai in healthcare could save lives through better diagnosis...,C3,"From my perspective, ai in healthcare could save lives throu...",15
7,P475b51fb,Benefits could be enormous but risks require careful management.,Benefits could be enormous but risks require careful management.,C1,Benefits could be enormous but risks require careful managem...,19
7,P4e364102,"From my perspective, gradual deployment with continuous monitoring and evaluation.","From my perspective, gradual deployment with continuous monitoring and evaluatio...",C6,"From my perspective, gradual deployment with continuous moni...",12
7,P5020088e,We must consider that cybersecurity protections against ai system manipulation.,We must consider that cybersecurity protections against ai system manipulation.,C7,Cybersecurity protections against AI system manipulation.,10
7,P55221ec9,I believe extensive testing and certification before deploying ai in infrastructure.,I believe extensive testing and certification before deploying ai in infrastruct...,C5,I believe extensive testing and certification before deployi...,14
7,P5764ed1b,"From my perspective, gradual deployment with continuous monitoring and evaluation.","From my perspective, gradual deployment with continuous monitoring and evaluatio...",C6,"From my perspective, gradual deployment with continuous moni...",12
7,P578a7959,It's crucial that critical systems need human-in-the-loop safeguards against ai failures.,It's crucial that critical systems need human-in-the-loop safeguards against ai ...,C4,Critical systems need human-in-the-loop safeguards against A...,14
7,P57ab0079,"From my perspective, clear liability frameworks when ai systems fail in critical applications.","From my perspective, clear liability frameworks when ai systems fail in critical...",C2,"From my perspective, clear liability frameworks when ai syst...",16
7,P589f7387,"From my perspective, ai in healthcare could save lives through better diagnosis and treatment.","From my perspective, ai in healthcare could save lives through better diagnosis ...",C3,"From my perspective, ai in healthcare could save lives throu...",15
7,P5a85e1f6,Gradual deployment with continuous monitoring and evaluation.,Gradual deployment with continuous monitoring and evaluation.,C6,"From my perspective, gradual deployment with continuous moni...",12
7,P5e120e50,It's crucial that clear liability frameworks when ai systems fail in critical applications.,It's crucial that clear liability frameworks when ai systems fail in critical ap...,C2,"From my perspective, clear liability frameworks when ai syst...",16
7,P5ed16fbc,"From my perspective, benefits could be enormous but risks require careful management.","From my perspective, benefits could be enormous but risks require careful manage...",C1,Benefits could be enormous but risks require careful managem...,19
7,P60e852d4,We must consider that cybersecurity protections against ai system manipulation.,We must consider that cybersecurity protections against ai system manipulation.,C7,Cybersecurity protections against AI system manipulation.,10
7,P63cfcea6,It's crucial that clear liability frameworks when ai systems fail in critical applications.,It's crucial that clear liability frameworks when ai systems fail in critical ap...,C2,"From my perspective, clear liability frameworks when ai syst...",16
7,P667a66c5,It's crucial that critical systems need human-in-the-loop safeguards against ai failures.,It's crucial that critical systems need human-in-the-loop safeguards against ai ...,C4,Critical systems need human-in-the-loop safeguards against A...,14
7,P6776c919,We must consider that benefits could be enormous but risks require careful management.,We must consider that benefits could be enormous but risks require careful manag...,C1,Benefits could be enormous but risks require careful managem...,19
7,P694dc0cd,"From my perspective, critical systems need human-in-the-loop safeguards against ai failures.","From my perspective, critical systems need human-in-the-loop safeguards against ...",C4,Critical systems need human-in-the-loop safeguards against A...,14
7,P6b866ec0,I believe gradual deployment with continuous monitoring and evaluation.,I believe gradual deployment with continuous monitoring and evaluation.,C6,"From my perspective, gradual deployment with continuous moni...",12
7,P70f4e5f9,It's crucial that clear liability frameworks when ai systems fail in critical applications.,It's crucial that clear liability frameworks when ai systems fail in critical ap...,C2,"From my perspective, clear liability frameworks when ai syst...",16
7,P71bb05ec,I believe extensive testing and certification before deploying ai in infrastructure.,I believe extensive testing and certification before deploying ai in infrastruct...,C5,I believe extensive testing and certification before deployi...,14
7,P72e25bfe,Extensive testing and certification before deploying AI in infrastructure.,Extensive testing and certification before deploying AI in infrastructure.,C5,I believe extensive testing and certification before deployi...,14
7,P77fe9f73,"From my perspective, ai in healthcare could save lives through better diagnosis and treatment.","From my perspective, ai in healthcare could save lives through better diagnosis ...",C3,"From my perspective, ai in healthcare could save lives throu...",15
7,P7cf4c70d,"From my perspective, cybersecurity protections against ai system manipulation.","From my perspective, cybersecurity protections against ai system manipulation.",C7,Cybersecurity protections against AI system manipulation.,10
7,P821be496,I believe benefits could be enormous but risks require careful management.,I believe benefits could be enormous but risks require careful management.,C1,Benefits could be enormous but risks require careful managem...,19
7,P83e9d6d1,Benefits could be enormous but risks require careful management.,Benefits could be enormous but risks require careful management.,C1,Benefits could be enormous but risks require careful managem...,19
7,P8438eb45,"From my perspective, clear liability frameworks when ai systems fail in critical applications.","From my perspective, clear liability frameworks when ai systems fail in critical...",C2,"From my perspective, clear liability frameworks when ai syst...",16
7,P8872bcc4,"From my perspective, ai in healthcare could save lives through better diagnosis and treatment.","From my perspective, ai in healthcare could save lives through better diagnosis ...",C3,"From my perspective, ai in healthcare could save lives throu...",15
7,P8a48b733,"From my perspective, clear liability frameworks when ai systems fail in critical applications.","From my perspective, clear liability frameworks when ai systems fail in critical...",C2,"From my perspective, clear liability frameworks when ai syst...",16
7,P8bd4adb0,Gradual deployment with continuous monitoring and evaluation.,Gradual deployment with continuous monitoring and evaluation.,C6,"From my perspective, gradual deployment with continuous moni...",12
7,P8ef64442,We must consider that clear liability frameworks when ai systems fail in critical applications.,We must consider that clear liability frameworks when ai systems fail in critica...,C2,"From my perspective, clear liability frameworks when ai syst...",16
7,P91d048ed,I believe gradual deployment with continuous monitoring and evaluation.,I believe gradual deployment with continuous monitoring and evaluation.,C6,"From my perspective, gradual deployment with continuous moni...",12
7,P9491c569,I believe critical systems need human-in-the-loop safeguards against ai failures.,I believe critical systems need human-in-the-loop safeguards against ai failures...,C4,Critical systems need human-in-the-loop safeguards against A...,14
7,P9a076f12,Benefits could be enormous but risks require careful management.,Benefits could be enormous but risks require careful management.,C1,Benefits could be enormous but risks require careful managem...,19
7,P9dfd0389,Clear liability frameworks when AI systems fail in critical applications.,Clear liability frameworks when AI systems fail in critical applications.,C2,"From my perspective, clear liability frameworks when ai syst...",16
7,P9f56cc8b,"From my perspective, ai in healthcare could save lives through better diagnosis and treatment.","From my perspective, ai in healthcare could save lives through better diagnosis ...",C3,"From my perspective, ai in healthcare could save lives throu...",15
7,Pa06225b8,It's crucial that ai in healthcare could save lives through better diagnosis and treatment.,It's crucial that ai in healthcare could save lives through better diagnosis and...,C3,"From my perspective, ai in healthcare could save lives throu...",15
7,Pa272d82c,It's crucial that ai in healthcare could save lives through better diagnosis and treatment.,It's crucial that ai in healthcare could save lives through better diagnosis and...,C3,"From my perspective, ai in healthcare could save lives throu...",15
7,Pa61b32d9,We must consider that critical systems need human-in-the-loop safeguards against ai failures.,We must consider that critical systems need human-in-the-loop safeguards against...,C4,Critical systems need human-in-the-loop safeguards against A...,14
7,Pa893e684,We must consider that ai in healthcare could save lives through better diagnosis and treatment.,We must consider that ai in healthcare could save lives through better diagnosis...,C3,"From my perspective, ai in healthcare could save lives throu...",15
7,Pabd011f9,We must consider that clear liability frameworks when ai systems fail in critical applications.,We must consider that clear liability frameworks when ai systems fail in critica...,C2,"From my perspective, clear liability frameworks when ai syst...",16
7,Pb0ae6c81,Gradual deployment with continuous monitoring and evaluation.,Gradual deployment with continuous monitoring and evaluation.,C6,"From my perspective, gradual deployment with continuous moni...",12
7,Pb2ab2d79,"From my perspective, clear liability frameworks when ai systems fail in critical applications.","From my perspective, clear liability frameworks when ai systems fail in critical...",C2,"From my perspective, clear liability frameworks when ai syst...",16
7,Pb31753dd,"From my perspective, extensive testing and certification before deploying ai in infrastructure.","From my perspective, extensive testing and certification before deploying ai in ...",C5,I believe extensive testing and certification before deployi...,14
7,Pb4d8b678,It's crucial that benefits could be enormous but risks require careful management.,It's crucial that benefits could be enormous but risks require careful managemen...,C1,Benefits could be enormous but risks require careful managem...,19
7,Pb9ddb511,We must consider that clear liability frameworks when ai systems fail in critical applications.,We must consider that clear liability frameworks when ai systems fail in critica...,C2,"From my perspective, clear liability frameworks when ai syst...",16
7,Pba0d1e32,"From my perspective, cybersecurity protections against ai system manipulation.","From my perspective, cybersecurity protections against ai system manipulation.",C7,Cybersecurity protections against AI system manipulation.,10
7,Pbcc576d8,"From my perspective, gradual deployment with continuous monitoring and evaluation.","From my perspective, gradual deployment with continuous monitoring and evaluatio...",C6,"From my perspective, gradual deployment with continuous moni...",12
7,Pc40c86ef,"From my perspective, extensive testing and certification before deploying ai in infrastructure.","From my perspective, extensive testing and certification before deploying ai in ...",C5,I believe extensive testing and certification before deployi...,14
7,Pc5227372,I believe benefits could be enormous but risks require careful management.,I believe benefits could be enormous but risks require careful management.,C1,Benefits could be enormous but risks require careful managem...,19
7,Pc554f688,Critical systems need human-in-the-loop safeguards against AI failures.,Critical systems need human-in-the-loop safeguards against AI failures.,C4,Critical systems need human-in-the-loop safeguards against A...,14
7,Pc7dbe664,We must consider that extensive testing and certification before deploying ai in infrastructure.,We must consider that extensive testing and certification before deploying ai in...,C5,I believe extensive testing and certification before deployi...,14
7,Pc882885b,"From my perspective, benefits could be enormous but risks require careful management.","From my perspective, benefits could be enormous but risks require careful manage...",C1,Benefits could be enormous but risks require careful managem...,19
7,Pc891a0ee,Cybersecurity protections against AI system manipulation.,Cybersecurity protections against AI system manipulation.,C7,Cybersecurity protections against AI system manipulation.,10
7,Pcbeb4d3a,I believe clear liability frameworks when ai systems fail in critical applications.,I believe clear liability frameworks when ai systems fail in critical applicatio...,C2,"From my perspective, clear liability frameworks when ai syst...",16
7,Pcd0c9ac9,"From my perspective, gradual deployment with continuous monitoring and evaluation.","From my perspective, gradual deployment with continuous monitoring and evaluatio...",C6,"From my perspective, gradual deployment with continuous moni...",12
7,Pd55ec1e7,It's crucial that gradual deployment with continuous monitoring and evaluation.,It's crucial that gradual deployment with continuous monitoring and evaluation.,C6,"From my perspective, gradual deployment with continuous moni...",12
7,Pd5e7a821,"From my perspective, benefits could be enormous but risks require careful management.","From my perspective, benefits could be enormous but risks require careful manage...",C1,Benefits could be enormous but risks require careful managem...,19
7,Pdbec22ad,I believe gradual deployment with continuous monitoring and evaluation.,I believe gradual deployment with continuous monitoring and evaluation.,C6,"From my perspective, gradual deployment with continuous moni...",12
7,Pdc6aff73,We must consider that benefits could be enormous but risks require careful management.,We must consider that benefits could be enormous but risks require careful manag...,C1,Benefits could be enormous but risks require careful managem...,19
7,Pdca9c427,"From my perspective, ai in healthcare could save lives through better diagnosis and treatment.","From my perspective, ai in healthcare could save lives through better diagnosis ...",C3,"From my perspective, ai in healthcare could save lives throu...",15
7,Pe18fbd36,"From my perspective, benefits could be enormous but risks require careful management.","From my perspective, benefits could be enormous but risks require careful manage...",C1,Benefits could be enormous but risks require careful managem...,19
7,Pe27269d9,"From my perspective, cybersecurity protections against ai system manipulation.","From my perspective, cybersecurity protections against ai system manipulation.",C7,Cybersecurity protections against AI system manipulation.,10
7,Pe3a4bdcf,Cybersecurity protections against AI system manipulation.,Cybersecurity protections against AI system manipulation.,C7,Cybersecurity protections against AI system manipulation.,10
7,Pe8c47516,We must consider that clear liability frameworks when ai systems fail in critical applications.,We must consider that clear liability frameworks when ai systems fail in critica...,C2,"From my perspective, clear liability frameworks when ai syst...",16
7,Pea995f7b,Extensive testing and certification before deploying AI in infrastructure.,Extensive testing and certification before deploying AI in infrastructure.,C5,I believe extensive testing and certification before deployi...,14
7,Pf13ae6db,Critical systems need human-in-the-loop safeguards against AI failures.,Critical systems need human-in-the-loop safeguards against AI failures.,C4,Critical systems need human-in-the-loop safeguards against A...,14
7,Pf14f674e,"From my perspective, ai in healthcare could save lives through better diagnosis and treatment.","From my perspective, ai in healthcare could save lives through better diagnosis ...",C3,"From my perspective, ai in healthcare could save lives throu...",15
7,Pf179e4f4,It's crucial that critical systems need human-in-the-loop safeguards against ai failures.,It's crucial that critical systems need human-in-the-loop safeguards against ai ...,C4,Critical systems need human-in-the-loop safeguards against A...,14
7,Pf5228fa2,Benefits could be enormous but risks require careful management.,Benefits could be enormous but risks require careful management.,C1,Benefits could be enormous but risks require careful managem...,19
7,Pf5fb26ab,I believe clear liability frameworks when ai systems fail in critical applications.,I believe clear liability frameworks when ai systems fail in critical applicatio...,C2,"From my perspective, clear liability frameworks when ai syst...",16
7,Pf64a95b9,Critical systems need human-in-the-loop safeguards against AI failures.,Critical systems need human-in-the-loop safeguards against AI failures.,C4,Critical systems need human-in-the-loop safeguards against A...,14
7,Pfae07990,We must consider that extensive testing and certification before deploying ai in infrastructure.,We must consider that extensive testing and certification before deploying ai in...,C5,I believe extensive testing and certification before deployi...,14
7,Pfd6a013e,We must consider that benefits could be enormous but risks require careful management.,We must consider that benefits could be enormous but risks require careful manag...,C1,Benefits could be enormous but risks require careful managem...,19
4,P002db135,It's crucial that wealth redistribution mechanisms needed to share ai productivity gains.,It's crucial that wealth redistribution mechanisms needed to share ai productivi...,C6,"From my perspective, wealth redistribution mechanisms needed...",11
4,P044ecf5c,It's crucial that education focus should shift to uniquely human skills ai can't replicate.,It's crucial that education focus should shift to uniquely human skills ai can't...,C5,We must consider that education focus should shift to unique...,12
4,P06330240,It's crucial that universal basic income may become necessary as ai automates jobs.,It's crucial that universal basic income may become necessary as ai automates jo...,C4,Universal basic income may become necessary as AI automates ...,12
4,P0ab6ce41,"New job categories will emerge, but transition period will be challenging.","New job categories will emerge, but transition period will be challenging.",C1,"New job categories will emerge, but transition period will b...",20
4,P0d87a908,"From my perspective, massive retraining programs needed for workers displaced by automation.","From my perspective, massive retraining programs needed for workers displaced by...",C3,"From my perspective, massive retraining programs needed for ...",16
4,P0f32ae92,"New job categories will emerge, but transition period will be challenging.","New job categories will emerge, but transition period will be challenging.",C1,"New job categories will emerge, but transition period will b...",20
4,P0f5473a7,"From my perspective, labor unions and worker protections must adapt to ai-driven workplace.","From my perspective, labor unions and worker protections must adapt to ai-driven...",C2,"From my perspective, labor unions and worker protections mus...",18
4,P119504ae,It's crucial that massive retraining programs needed for workers displaced by automation.,It's crucial that massive retraining programs needed for workers displaced by au...,C3,"From my perspective, massive retraining programs needed for ...",16
4,P12bcacb9,AI could worsen inequality if benefits concentrate in tech companies.,AI could worsen inequality if benefits concentrate in tech companies.,C7,I believe ai could worsen inequality if benefits concentrate...,11
4,P135c59bc,I believe wealth redistribution mechanisms needed to share ai productivity gains.,I believe wealth redistribution mechanisms needed to share ai productivity gains...,C6,"From my perspective, wealth redistribution mechanisms needed...",11
4,P13b01763,We must consider that massive retraining programs needed for workers displaced by automation.,We must consider that massive retraining programs needed for workers displaced b...,C3,"From my perspective, massive retraining programs needed for ...",16
4,P183fe416,"From my perspective, labor unions and worker protections must adapt to ai-driven workplace.","From my perspective, labor unions and worker protections must adapt to ai-driven...",C2,"From my perspective, labor unions and worker protections mus...",18
4,P1f737eee,I believe labor unions and worker protections must adapt to ai-driven workplace.,I believe labor unions and worker protections must adapt to ai-driven workplace.,C2,"From my perspective, labor unions and worker protections mus...",18
4,P21db03f4,I believe ai could worsen inequality if benefits concentrate in tech companies.,I believe ai could worsen inequality if benefits concentrate in tech companies.,C7,I believe ai could worsen inequality if benefits concentrate...,11
4,P2324fc7b,"New job categories will emerge, but transition period will be challenging.","New job categories will emerge, but transition period will be challenging.",C1,"New job categories will emerge, but transition period will b...",20
4,P2381b85a,"From my perspective, new job categories will emerge, but transition period will be challenging.","From my perspective, new job categories will emerge, but transition period will ...",C1,"New job categories will emerge, but transition period will b...",20
4,P246cc61f,It's crucial that labor unions and worker protections must adapt to ai-driven workplace.,It's crucial that labor unions and worker protections must adapt to ai-driven wo...,C2,"From my perspective, labor unions and worker protections mus...",18
4,P296e49c2,"We must consider that new job categories will emerge, but transition period will be challenging.","We must consider that new job categories will emerge, but transition period will...",C1,"New job categories will emerge, but transition period will b...",20
4,P322599fb,"I believe new job categories will emerge, but transition period will be challenging.","I believe new job categories will emerge, but transition period will be challeng...",C1,"New job categories will emerge, but transition period will b...",20
4,P3272202c,Labor unions and worker protections must adapt to AI-driven workplace.,Labor unions and worker protections must adapt to AI-driven workplace.,C2,"From my perspective, labor unions and worker protections mus...",18
4,P32814f77,I believe labor unions and worker protections must adapt to ai-driven workplace.,I believe labor unions and worker protections must adapt to ai-driven workplace.,C2,"From my perspective, labor unions and worker protections mus...",18
4,P33c92c55,Education focus should shift to uniquely human skills AI can't replicate.,Education focus should shift to uniquely human skills AI can't replicate.,C5,We must consider that education focus should shift to unique...,12
4,P37e79c19,We must consider that massive retraining programs needed for workers displaced by automation.,We must consider that massive retraining programs needed for workers displaced b...,C3,"From my perspective, massive retraining programs needed for ...",16
4,P39b8ee3e,I believe education focus should shift to uniquely human skills ai can't replicate.,I believe education focus should shift to uniquely human skills ai can't replica...,C5,We must consider that education focus should shift to unique...,12
4,P3d508b19,We must consider that wealth redistribution mechanisms needed to share ai productivity gains.,We must consider that wealth redistribution mechanisms needed to share ai produc...,C6,"From my perspective, wealth redistribution mechanisms needed...",11
4,P42ae8d81,Labor unions and worker protections must adapt to AI-driven workplace.,Labor unions and worker protections must adapt to AI-driven workplace.,C2,"From my perspective, labor unions and worker protections mus...",18
4,P439843c7,"New job categories will emerge, but transition period will be challenging.","New job categories will emerge, but transition period will be challenging.",C1,"New job categories will emerge, but transition period will b...",20
4,P45ebecd9,"From my perspective, universal basic income may become necessary as ai automates jobs.","From my perspective, universal basic income may become necessary as ai automates...",C4,Universal basic income may become necessary as AI automates ...,12
4,P475b51fb,"From my perspective, ai could worsen inequality if benefits concentrate in tech companies.","From my perspective, ai could worsen inequality if benefits concentrate in tech ...",C7,I believe ai could worsen inequality if benefits concentrate...,11
4,P4e364102,Massive retraining programs needed for workers displaced by automation.,Massive retraining programs needed for workers displaced by automation.,C3,"From my perspective, massive retraining programs needed for ...",16
4,P5020088e,"New job categories will emerge, but transition period will be challenging.","New job categories will emerge, but transition period will be challenging.",C1,"New job categories will emerge, but transition period will b...",20
4,P55221ec9,Universal basic income may become necessary as AI automates jobs.,Universal basic income may become necessary as AI automates jobs.,C4,Universal basic income may become necessary as AI automates ...,12
4,P5764ed1b,It's crucial that massive retraining programs needed for workers displaced by automation.,It's crucial that massive retraining programs needed for workers displaced by au...,C3,"From my perspective, massive retraining programs needed for ...",16
4,P578a7959,We must consider that wealth redistribution mechanisms needed to share ai productivity gains.,We must consider that wealth redistribution mechanisms needed to share ai produc...,C6,"From my perspective, wealth redistribution mechanisms needed...",11
4,P57ab0079,"We must consider that new job categories will emerge, but transition period will be challenging.","We must consider that new job categories will emerge, but transition period will...",C1,"New job categories will emerge, but transition period will b...",20
4,P589f7387,We must consider that massive retraining programs needed for workers displaced by automation.,We must consider that massive retraining programs needed for workers displaced b...,C3,"From my perspective, massive retraining programs needed for ...",16
4,P5a85e1f6,I believe education focus should shift to uniquely human skills ai can't replicate.,I believe education focus should shift to uniquely human skills ai can't replica...,C5,We must consider that education focus should shift to unique...,12
4,P5e120e50,Labor unions and worker protections must adapt to AI-driven workplace.,Labor unions and worker protections must adapt to AI-driven workplace.,C2,"From my perspective, labor unions and worker protections mus...",18
4,P5ed16fbc,I believe universal basic income may become necessary as ai automates jobs.,I believe universal basic income may become necessary as ai automates jobs.,C4,Universal basic income may become necessary as AI automates ...,12
4,P60e852d4,"From my perspective, new job categories will emerge, but transition period will be challenging.","From my perspective, new job categories will emerge, but transition period will ...",C1,"New job categories will emerge, but transition period will b...",20
4,P63cfcea6,I believe labor unions and worker protections must adapt to ai-driven workplace.,I believe labor unions and worker protections must adapt to ai-driven workplace.,C2,"From my perspective, labor unions and worker protections mus...",18
4,P667a66c5,It's crucial that ai could worsen inequality if benefits concentrate in tech companies.,It's crucial that ai could worsen inequality if benefits concentrate in tech com...,C7,I believe ai could worsen inequality if benefits concentrate...,11
4,P6776c919,"From my perspective, wealth redistribution mechanisms needed to share ai productivity gains.","From my perspective, wealth redistribution mechanisms needed to share ai product...",C6,"From my perspective, wealth redistribution mechanisms needed...",11
4,P694dc0cd,"New job categories will emerge, but transition period will be challenging.","New job categories will emerge, but transition period will be challenging.",C1,"New job categories will emerge, but transition period will b...",20
4,P6b866ec0,I believe wealth redistribution mechanisms needed to share ai productivity gains.,I believe wealth redistribution mechanisms needed to share ai productivity gains...,C6,"From my perspective, wealth redistribution mechanisms needed...",11
4,P70f4e5f9,"New job categories will emerge, but transition period will be challenging.","New job categories will emerge, but transition period will be challenging.",C1,"New job categories will emerge, but transition period will b...",20
4,P71bb05ec,"From my perspective, ai could worsen inequality if benefits concentrate in tech companies.","From my perspective, ai could worsen inequality if benefits concentrate in tech ...",C7,I believe ai could worsen inequality if benefits concentrate...,11
4,P72e25bfe,"I believe new job categories will emerge, but transition period will be challenging.","I believe new job categories will emerge, but transition period will be challeng...",C1,"New job categories will emerge, but transition period will b...",20
4,P77fe9f73,I believe universal basic income may become necessary as ai automates jobs.,I believe universal basic income may become necessary as ai automates jobs.,C4,Universal basic income may become necessary as AI automates ...,12
4,P7cf4c70d,"From my perspective, wealth redistribution mechanisms needed to share ai productivity gains.","From my perspective, wealth redistribution mechanisms needed to share ai product...",C6,"From my perspective, wealth redistribution mechanisms needed...",11
4,P821be496,I believe education focus should shift to uniquely human skills ai can't replicate.,I believe education focus should shift to uniquely human skills ai can't replica...,C5,We must consider that education focus should shift to unique...,12
4,P83e9d6d1,"From my perspective, massive retraining programs needed for workers displaced by automation.","From my perspective, massive retraining programs needed for workers displaced by...",C3,"From my perspective, massive retraining programs needed for ...",16
4,P8438eb45,It's crucial that wealth redistribution mechanisms needed to share ai productivity gains.,It's crucial that wealth redistribution mechanisms needed to share ai productivi...,C6,"From my perspective, wealth redistribution mechanisms needed...",11
4,P8872bcc4,I believe massive retraining programs needed for workers displaced by automation.,I believe massive retraining programs needed for workers displaced by automation...,C3,"From my perspective, massive retraining programs needed for ...",16
4,P8a48b733,Education focus should shift to uniquely human skills AI can't replicate.,Education focus should shift to uniquely human skills AI can't replicate.,C5,We must consider that education focus should shift to unique...,12
4,P8bd4adb0,We must consider that massive retraining programs needed for workers displaced by automation.,We must consider that massive retraining programs needed for workers displaced b...,C3,"From my perspective, massive retraining programs needed for ...",16
4,P8ef64442,We must consider that education focus should shift to uniquely human skills ai can't replicate.,We must consider that education focus should shift to uniquely human skills ai c...,C5,We must consider that education focus should shift to unique...,12
4,P91d048ed,It's crucial that ai could worsen inequality if benefits concentrate in tech companies.,It's crucial that ai could worsen inequality if benefits concentrate in tech com...,C7,I believe ai could worsen inequality if benefits concentrate...,11
4,P9491c569,It's crucial that universal basic income may become necessary as ai automates jobs.,It's crucial that universal basic income may become necessary as ai automates jo...,C4,Universal basic income may become necessary as AI automates ...,12
4,P9a076f12,I believe education focus should shift to uniquely human skills ai can't replicate.,I believe education focus should shift to uniquely human skills ai can't replica...,C5,We must consider that education focus should shift to unique...,12
4,P9dfd0389,"From my perspective, labor unions and worker protections must adapt to ai-driven workplace.","From my perspective, labor unions and worker protections must adapt to ai-driven...",C2,"From my perspective, labor unions and worker protections mus...",18
4,P9f56cc8b,I believe wealth redistribution mechanisms needed to share ai productivity gains.,I believe wealth redistribution mechanisms needed to share ai productivity gains...,C6,"From my perspective, wealth redistribution mechanisms needed...",11
4,Pa06225b8,"We must consider that new job categories will emerge, but transition period will be challenging.","We must consider that new job categories will emerge, but transition period will...",C1,"New job categories will emerge, but transition period will b...",20
4,Pa272d82c,AI could worsen inequality if benefits concentrate in tech companies.,AI could worsen inequality if benefits concentrate in tech companies.,C7,I believe ai could worsen inequality if benefits concentrate...,11
4,Pa61b32d9,"It's crucial that new job categories will emerge, but transition period will be challenging.","It's crucial that new job categories will emerge, but transition period will be ...",C1,"New job categories will emerge, but transition period will b...",20
4,Pa893e684,"From my perspective, labor unions and worker protections must adapt to ai-driven workplace.","From my perspective, labor unions and worker protections must adapt to ai-driven...",C2,"From my perspective, labor unions and worker protections mus...",18
4,Pabd011f9,"From my perspective, new job categories will emerge, but transition period will be challenging.","From my perspective, new job categories will emerge, but transition period will ...",C1,"New job categories will emerge, but transition period will b...",20
4,Pb0ae6c81,Universal basic income may become necessary as AI automates jobs.,Universal basic income may become necessary as AI automates jobs.,C4,Universal basic income may become necessary as AI automates ...,12
4,Pb2ab2d79,Wealth redistribution mechanisms needed to share AI productivity gains.,Wealth redistribution mechanisms needed to share AI productivity gains.,C6,"From my perspective, wealth redistribution mechanisms needed...",11
4,Pb31753dd,AI could worsen inequality if benefits concentrate in tech companies.,AI could worsen inequality if benefits concentrate in tech companies.,C7,I believe ai could worsen inequality if benefits concentrate...,11
4,Pb4d8b678,"New job categories will emerge, but transition period will be challenging.","New job categories will emerge, but transition period will be challenging.",C1,"New job categories will emerge, but transition period will b...",20
4,Pb9ddb511,I believe labor unions and worker protections must adapt to ai-driven workplace.,I believe labor unions and worker protections must adapt to ai-driven workplace.,C2,"From my perspective, labor unions and worker protections mus...",18
4,Pba0d1e32,Education focus should shift to uniquely human skills AI can't replicate.,Education focus should shift to uniquely human skills AI can't replicate.,C5,We must consider that education focus should shift to unique...,12
4,Pbcc576d8,We must consider that wealth redistribution mechanisms needed to share ai productivity gains.,We must consider that wealth redistribution mechanisms needed to share ai produc...,C6,"From my perspective, wealth redistribution mechanisms needed...",11
4,Pc40c86ef,It's crucial that labor unions and worker protections must adapt to ai-driven workplace.,It's crucial that labor unions and worker protections must adapt to ai-driven wo...,C2,"From my perspective, labor unions and worker protections mus...",18
4,Pc5227372,"From my perspective, labor unions and worker protections must adapt to ai-driven workplace.","From my perspective, labor unions and worker protections must adapt to ai-driven...",C2,"From my perspective, labor unions and worker protections mus...",18
4,Pc554f688,It's crucial that labor unions and worker protections must adapt to ai-driven workplace.,It's crucial that labor unions and worker protections must adapt to ai-driven wo...,C2,"From my perspective, labor unions and worker protections mus...",18
4,Pc7dbe664,"We must consider that new job categories will emerge, but transition period will be challenging.","We must consider that new job categories will emerge, but transition period will...",C1,"New job categories will emerge, but transition period will b...",20
4,Pc882885b,It's crucial that massive retraining programs needed for workers displaced by automation.,It's crucial that massive retraining programs needed for workers displaced by au...,C3,"From my perspective, massive retraining programs needed for ...",16
4,Pc891a0ee,It's crucial that education focus should shift to uniquely human skills ai can't replicate.,It's crucial that education focus should shift to uniquely human skills ai can't...,C5,We must consider that education focus should shift to unique...,12
4,Pcbeb4d3a,I believe labor unions and worker protections must adapt to ai-driven workplace.,I believe labor unions and worker protections must adapt to ai-driven workplace.,C2,"From my perspective, labor unions and worker protections mus...",18
4,Pcd0c9ac9,"From my perspective, new job categories will emerge, but transition period will be challenging.","From my perspective, new job categories will emerge, but transition period will ...",C1,"New job categories will emerge, but transition period will b...",20
4,Pd55ec1e7,Massive retraining programs needed for workers displaced by automation.,Massive retraining programs needed for workers displaced by automation.,C3,"From my perspective, massive retraining programs needed for ...",16
4,Pd5e7a821,It's crucial that labor unions and worker protections must adapt to ai-driven workplace.,It's crucial that labor unions and worker protections must adapt to ai-driven wo...,C2,"From my perspective, labor unions and worker protections mus...",18
4,Pdbec22ad,It's crucial that universal basic income may become necessary as ai automates jobs.,It's crucial that universal basic income may become necessary as ai automates jo...,C4,Universal basic income may become necessary as AI automates ...,12
4,Pdc6aff73,We must consider that massive retraining programs needed for workers displaced by automation.,We must consider that massive retraining programs needed for workers displaced b...,C3,"From my perspective, massive retraining programs needed for ...",16
4,Pdca9c427,We must consider that education focus should shift to uniquely human skills ai can't replicate.,We must consider that education focus should shift to uniquely human skills ai c...,C5,We must consider that education focus should shift to unique...,12
4,Pe18fbd36,"From my perspective, new job categories will emerge, but transition period will be challenging.","From my perspective, new job categories will emerge, but transition period will ...",C1,"New job categories will emerge, but transition period will b...",20
4,Pe27269d9,I believe ai could worsen inequality if benefits concentrate in tech companies.,I believe ai could worsen inequality if benefits concentrate in tech companies.,C7,I believe ai could worsen inequality if benefits concentrate...,11
4,Pe3a4bdcf,Labor unions and worker protections must adapt to AI-driven workplace.,Labor unions and worker protections must adapt to AI-driven workplace.,C2,"From my perspective, labor unions and worker protections mus...",18
4,Pe8c47516,We must consider that education focus should shift to uniquely human skills ai can't replicate.,We must consider that education focus should shift to uniquely human skills ai c...,C5,We must consider that education focus should shift to unique...,12
4,Pea995f7b,We must consider that universal basic income may become necessary as ai automates jobs.,We must consider that universal basic income may become necessary as ai automate...,C4,Universal basic income may become necessary as AI automates ...,12
4,Pf13ae6db,"From my perspective, universal basic income may become necessary as ai automates jobs.","From my perspective, universal basic income may become necessary as ai automates...",C4,Universal basic income may become necessary as AI automates ...,12
4,Pf14f674e,Massive retraining programs needed for workers displaced by automation.,Massive retraining programs needed for workers displaced by automation.,C3,"From my perspective, massive retraining programs needed for ...",16
4,Pf179e4f4,I believe ai could worsen inequality if benefits concentrate in tech companies.,I believe ai could worsen inequality if benefits concentrate in tech companies.,C7,I believe ai could worsen inequality if benefits concentrate...,11
4,Pf5228fa2,It's crucial that massive retraining programs needed for workers displaced by automation.,It's crucial that massive retraining programs needed for workers displaced by au...,C3,"From my perspective, massive retraining programs needed for ...",16
4,Pf5fb26ab,Universal basic income may become necessary as AI automates jobs.,Universal basic income may become necessary as AI automates jobs.,C4,Universal basic income may become necessary as AI automates ...,12
4,Pf64a95b9,"From my perspective, massive retraining programs needed for workers displaced by automation.","From my perspective, massive retraining programs needed for workers displaced by...",C3,"From my perspective, massive retraining programs needed for ...",16
4,Pfae07990,I believe ai could worsen inequality if benefits concentrate in tech companies.,I believe ai could worsen inequality if benefits concentrate in tech companies.,C7,I believe ai could worsen inequality if benefits concentrate...,11
4,Pfd6a013e,We must consider that universal basic income may become necessary as ai automates jobs.,We must consider that universal basic income may become necessary as ai automate...,C4,Universal basic income may become necessary as AI automates ...,12
3,P002db135,Adaptive regulatory frameworks that evolve with AI capabilities.,Adaptive regulatory frameworks that evolve with AI capabilities.,C4,We must consider that adaptive regulatory frameworks that ev...,14
3,P044ecf5c,I believe proactive regulation is essential to prevent harm before it occurs.,I believe proactive regulation is essential to prevent harm before it occurs.,C3,I believe proactive regulation is essential to prevent harm ...,16
3,P06330240,We must consider that self-regulation by industry has failed - government oversight is necessary.,We must consider that self-regulation by industry has failed - government oversi...,C5,"From my perspective, self-regulation by industry has failed ...",12
3,P0ab6ce41,It's crucial that focus on outcomes and harms rather than specific technical approaches.,It's crucial that focus on outcomes and harms rather than specific technical app...,C2,"From my perspective, focus on outcomes and harms rather than...",17
3,P0d87a908,"From my perspective, proactive regulation is essential to prevent harm before it occurs.","From my perspective, proactive regulation is essential to prevent harm before it...",C3,I believe proactive regulation is essential to prevent harm ...,16
3,P0f32ae92,"From my perspective, sector-specific regulations make more sense than one-size-fits-all rules.","From my perspective, sector-specific regulations make more sense than one-size-f...",C6,"From my perspective, sector-specific regulations make more s...",11
3,P0f5473a7,It's crucial that light-touch regulation might stifle innovation - we need balanced approach.,It's crucial that light-touch regulation might stifle innovation - we need balan...,C1,It's crucial that light-touch regulation might stifle innova...,20
3,P119504ae,"From my perspective, sector-specific regulations make more sense than one-size-fits-all rules.","From my perspective, sector-specific regulations make more sense than one-size-f...",C6,"From my perspective, sector-specific regulations make more s...",11
3,P12bcacb9,Focus on outcomes and harms rather than specific technical approaches.,Focus on outcomes and harms rather than specific technical approaches.,C2,"From my perspective, focus on outcomes and harms rather than...",17
3,P135c59bc,I believe light-touch regulation might stifle innovation - we need balanced approach.,I believe light-touch regulation might stifle innovation - we need balanced appr...,C1,It's crucial that light-touch regulation might stifle innova...,20
3,P13b01763,It's crucial that light-touch regulation might stifle innovation - we need balanced approach.,It's crucial that light-touch regulation might stifle innovation - we need balan...,C1,It's crucial that light-touch regulation might stifle innova...,20
3,P183fe416,We must consider that focus on outcomes and harms rather than specific technical approaches.,We must consider that focus on outcomes and harms rather than specific technical...,C2,"From my perspective, focus on outcomes and harms rather than...",17
3,P1f737eee,I believe international coordination is crucial since ai development is global.,I believe international coordination is crucial since ai development is global.,C7,I believe international coordination is crucial since ai dev...,10
3,P21db03f4,Focus on outcomes and harms rather than specific technical approaches.,Focus on outcomes and harms rather than specific technical approaches.,C2,"From my perspective, focus on outcomes and harms rather than...",17
3,P2324fc7b,I believe adaptive regulatory frameworks that evolve with ai capabilities.,I believe adaptive regulatory frameworks that evolve with ai capabilities.,C4,We must consider that adaptive regulatory frameworks that ev...,14
3,P2381b85a,"From my perspective, sector-specific regulations make more sense than one-size-fits-all rules.","From my perspective, sector-specific regulations make more sense than one-size-f...",C6,"From my perspective, sector-specific regulations make more s...",11
3,P246cc61f,It's crucial that light-touch regulation might stifle innovation - we need balanced approach.,It's crucial that light-touch regulation might stifle innovation - we need balan...,C1,It's crucial that light-touch regulation might stifle innova...,20
3,P296e49c2,I believe sector-specific regulations make more sense than one-size-fits-all rules.,I believe sector-specific regulations make more sense than one-size-fits-all rul...,C6,"From my perspective, sector-specific regulations make more s...",11
3,P322599fb,"From my perspective, focus on outcomes and harms rather than specific technical approaches.","From my perspective, focus on outcomes and harms rather than specific technical ...",C2,"From my perspective, focus on outcomes and harms rather than...",17
3,P3272202c,It's crucial that light-touch regulation might stifle innovation - we need balanced approach.,It's crucial that light-touch regulation might stifle innovation - we need balan...,C1,It's crucial that light-touch regulation might stifle innova...,20
3,P32814f77,I believe light-touch regulation might stifle innovation - we need balanced approach.,I believe light-touch regulation might stifle innovation - we need balanced appr...,C1,It's crucial that light-touch regulation might stifle innova...,20
3,P33c92c55,We must consider that self-regulation by industry has failed - government oversight is necessary.,We must consider that self-regulation by industry has failed - government oversi...,C5,"From my perspective, self-regulation by industry has failed ...",12
3,P37e79c19,I believe international coordination is crucial since ai development is global.,I believe international coordination is crucial since ai development is global.,C7,I believe international coordination is crucial since ai dev...,10
3,P39b8ee3e,"From my perspective, proactive regulation is essential to prevent harm before it occurs.","From my perspective, proactive regulation is essential to prevent harm before it...",C3,I believe proactive regulation is essential to prevent harm ...,16
3,P3d508b19,We must consider that sector-specific regulations make more sense than one-size-fits-all rules.,We must consider that sector-specific regulations make more sense than one-size-...,C6,"From my perspective, sector-specific regulations make more s...",11
3,P42ae8d81,Light-touch regulation might stifle innovation - we need balanced approach.,Light-touch regulation might stifle innovation - we need balanced approach.,C1,It's crucial that light-touch regulation might stifle innova...,20
3,P439843c7,Sector-specific regulations make more sense than one-size-fits-all rules.,Sector-specific regulations make more sense than one-size-fits-all rules.,C6,"From my perspective, sector-specific regulations make more s...",11
3,P45ebecd9,It's crucial that sector-specific regulations make more sense than one-size-fits-all rules.,It's crucial that sector-specific regulations make more sense than one-size-fits...,C6,"From my perspective, sector-specific regulations make more s...",11
3,P475b51fb,I believe proactive regulation is essential to prevent harm before it occurs.,I believe proactive regulation is essential to prevent harm before it occurs.,C3,I believe proactive regulation is essential to prevent harm ...,16
3,P4e364102,"From my perspective, proactive regulation is essential to prevent harm before it occurs.","From my perspective, proactive regulation is essential to prevent harm before it...",C3,I believe proactive regulation is essential to prevent harm ...,16
3,P5020088e,I believe proactive regulation is essential to prevent harm before it occurs.,I believe proactive regulation is essential to prevent harm before it occurs.,C3,I believe proactive regulation is essential to prevent harm ...,16
3,P55221ec9,Proactive regulation is essential to prevent harm before it occurs.,Proactive regulation is essential to prevent harm before it occurs.,C3,I believe proactive regulation is essential to prevent harm ...,16
3,P5764ed1b,I believe adaptive regulatory frameworks that evolve with ai capabilities.,I believe adaptive regulatory frameworks that evolve with ai capabilities.,C4,We must consider that adaptive regulatory frameworks that ev...,14
3,P578a7959,Light-touch regulation might stifle innovation - we need balanced approach.,Light-touch regulation might stifle innovation - we need balanced approach.,C1,It's crucial that light-touch regulation might stifle innova...,20
3,P57ab0079,"From my perspective, light-touch regulation might stifle innovation - we need balanced approach.","From my perspective, light-touch regulation might stifle innovation - we need ba...",C1,It's crucial that light-touch regulation might stifle innova...,20
3,P589f7387,I believe focus on outcomes and harms rather than specific technical approaches.,I believe focus on outcomes and harms rather than specific technical approaches.,C2,"From my perspective, focus on outcomes and harms rather than...",17
3,P5a85e1f6,We must consider that light-touch regulation might stifle innovation - we need balanced approach.,We must consider that light-touch regulation might stifle innovation - we need b...,C1,It's crucial that light-touch regulation might stifle innova...,20
3,P5e120e50,I believe light-touch regulation might stifle innovation - we need balanced approach.,I believe light-touch regulation might stifle innovation - we need balanced appr...,C1,It's crucial that light-touch regulation might stifle innova...,20
3,P5ed16fbc,We must consider that proactive regulation is essential to prevent harm before it occurs.,We must consider that proactive regulation is essential to prevent harm before i...,C3,I believe proactive regulation is essential to prevent harm ...,16
3,P60e852d4,We must consider that focus on outcomes and harms rather than specific technical approaches.,We must consider that focus on outcomes and harms rather than specific technical...,C2,"From my perspective, focus on outcomes and harms rather than...",17
3,P63cfcea6,We must consider that light-touch regulation might stifle innovation - we need balanced approach.,We must consider that light-touch regulation might stifle innovation - we need b...,C1,It's crucial that light-touch regulation might stifle innova...,20
3,P667a66c5,We must consider that self-regulation by industry has failed - government oversight is necessary.,We must consider that self-regulation by industry has failed - government oversi...,C5,"From my perspective, self-regulation by industry has failed ...",12
3,P6776c919,It's crucial that adaptive regulatory frameworks that evolve with ai capabilities.,It's crucial that adaptive regulatory frameworks that evolve with ai capabilitie...,C4,We must consider that adaptive regulatory frameworks that ev...,14
3,P694dc0cd,Proactive regulation is essential to prevent harm before it occurs.,Proactive regulation is essential to prevent harm before it occurs.,C3,I believe proactive regulation is essential to prevent harm ...,16
3,P6b866ec0,Adaptive regulatory frameworks that evolve with AI capabilities.,Adaptive regulatory frameworks that evolve with AI capabilities.,C4,We must consider that adaptive regulatory frameworks that ev...,14
3,P70f4e5f9,I believe proactive regulation is essential to prevent harm before it occurs.,I believe proactive regulation is essential to prevent harm before it occurs.,C3,I believe proactive regulation is essential to prevent harm ...,16
3,P71bb05ec,We must consider that international coordination is crucial since ai development is global.,We must consider that international coordination is crucial since ai development...,C7,I believe international coordination is crucial since ai dev...,10
3,P72e25bfe,I believe international coordination is crucial since ai development is global.,I believe international coordination is crucial since ai development is global.,C7,I believe international coordination is crucial since ai dev...,10
3,P77fe9f73,We must consider that adaptive regulatory frameworks that evolve with ai capabilities.,We must consider that adaptive regulatory frameworks that evolve with ai capabil...,C4,We must consider that adaptive regulatory frameworks that ev...,14
3,P7cf4c70d,I believe self-regulation by industry has failed - government oversight is necessary.,I believe self-regulation by industry has failed - government oversight is neces...,C5,"From my perspective, self-regulation by industry has failed ...",12
3,P821be496,We must consider that international coordination is crucial since ai development is global.,We must consider that international coordination is crucial since ai development...,C7,I believe international coordination is crucial since ai dev...,10
3,P83e9d6d1,It's crucial that adaptive regulatory frameworks that evolve with ai capabilities.,It's crucial that adaptive regulatory frameworks that evolve with ai capabilitie...,C4,We must consider that adaptive regulatory frameworks that ev...,14
3,P8438eb45,International coordination is crucial since AI development is global.,International coordination is crucial since AI development is global.,C7,I believe international coordination is crucial since ai dev...,10
3,P8872bcc4,"From my perspective, proactive regulation is essential to prevent harm before it occurs.","From my perspective, proactive regulation is essential to prevent harm before it...",C3,I believe proactive regulation is essential to prevent harm ...,16
3,P8a48b733,"From my perspective, focus on outcomes and harms rather than specific technical approaches.","From my perspective, focus on outcomes and harms rather than specific technical ...",C2,"From my perspective, focus on outcomes and harms rather than...",17
3,P8bd4adb0,We must consider that light-touch regulation might stifle innovation - we need balanced approach.,We must consider that light-touch regulation might stifle innovation - we need b...,C1,It's crucial that light-touch regulation might stifle innova...,20
3,P8ef64442,I believe international coordination is crucial since ai development is global.,I believe international coordination is crucial since ai development is global.,C7,I believe international coordination is crucial since ai dev...,10
3,P91d048ed,Adaptive regulatory frameworks that evolve with AI capabilities.,Adaptive regulatory frameworks that evolve with AI capabilities.,C4,We must consider that adaptive regulatory frameworks that ev...,14
3,P9491c569,It's crucial that light-touch regulation might stifle innovation - we need balanced approach.,It's crucial that light-touch regulation might stifle innovation - we need balan...,C1,It's crucial that light-touch regulation might stifle innova...,20
3,P9a076f12,I believe light-touch regulation might stifle innovation - we need balanced approach.,I believe light-touch regulation might stifle innovation - we need balanced appr...,C1,It's crucial that light-touch regulation might stifle innova...,20
3,P9dfd0389,Sector-specific regulations make more sense than one-size-fits-all rules.,Sector-specific regulations make more sense than one-size-fits-all rules.,C6,"From my perspective, sector-specific regulations make more s...",11
3,P9f56cc8b,I believe adaptive regulatory frameworks that evolve with ai capabilities.,I believe adaptive regulatory frameworks that evolve with ai capabilities.,C4,We must consider that adaptive regulatory frameworks that ev...,14
3,Pa06225b8,"From my perspective, sector-specific regulations make more sense than one-size-fits-all rules.","From my perspective, sector-specific regulations make more sense than one-size-f...",C6,"From my perspective, sector-specific regulations make more s...",11
3,Pa272d82c,Adaptive regulatory frameworks that evolve with AI capabilities.,Adaptive regulatory frameworks that evolve with AI capabilities.,C4,We must consider that adaptive regulatory frameworks that ev...,14
3,Pa61b32d9,I believe proactive regulation is essential to prevent harm before it occurs.,I believe proactive regulation is essential to prevent harm before it occurs.,C3,I believe proactive regulation is essential to prevent harm ...,16
3,Pa893e684,"From my perspective, self-regulation by industry has failed - government oversight is necessary.","From my perspective, self-regulation by industry has failed - government oversig...",C5,"From my perspective, self-regulation by industry has failed ...",12
3,Pabd011f9,I believe self-regulation by industry has failed - government oversight is necessary.,I believe self-regulation by industry has failed - government oversight is neces...,C5,"From my perspective, self-regulation by industry has failed ...",12
3,Pb0ae6c81,I believe focus on outcomes and harms rather than specific technical approaches.,I believe focus on outcomes and harms rather than specific technical approaches.,C2,"From my perspective, focus on outcomes and harms rather than...",17
3,Pb2ab2d79,It's crucial that light-touch regulation might stifle innovation - we need balanced approach.,It's crucial that light-touch regulation might stifle innovation - we need balan...,C1,It's crucial that light-touch regulation might stifle innova...,20
3,Pb31753dd,I believe light-touch regulation might stifle innovation - we need balanced approach.,I believe light-touch regulation might stifle innovation - we need balanced appr...,C1,It's crucial that light-touch regulation might stifle innova...,20
3,Pb4d8b678,"From my perspective, sector-specific regulations make more sense than one-size-fits-all rules.","From my perspective, sector-specific regulations make more sense than one-size-f...",C6,"From my perspective, sector-specific regulations make more s...",11
3,Pb9ddb511,Light-touch regulation might stifle innovation - we need balanced approach.,Light-touch regulation might stifle innovation - we need balanced approach.,C1,It's crucial that light-touch regulation might stifle innova...,20
3,Pba0d1e32,Light-touch regulation might stifle innovation - we need balanced approach.,Light-touch regulation might stifle innovation - we need balanced approach.,C1,It's crucial that light-touch regulation might stifle innova...,20
3,Pbcc576d8,It's crucial that light-touch regulation might stifle innovation - we need balanced approach.,It's crucial that light-touch regulation might stifle innovation - we need balan...,C1,It's crucial that light-touch regulation might stifle innova...,20
3,Pc40c86ef,Focus on outcomes and harms rather than specific technical approaches.,Focus on outcomes and harms rather than specific technical approaches.,C2,"From my perspective, focus on outcomes and harms rather than...",17
3,Pc5227372,It's crucial that self-regulation by industry has failed - government oversight is necessary.,It's crucial that self-regulation by industry has failed - government oversight ...,C5,"From my perspective, self-regulation by industry has failed ...",12
3,Pc554f688,We must consider that self-regulation by industry has failed - government oversight is necessary.,We must consider that self-regulation by industry has failed - government oversi...,C5,"From my perspective, self-regulation by industry has failed ...",12
3,Pc7dbe664,"From my perspective, focus on outcomes and harms rather than specific technical approaches.","From my perspective, focus on outcomes and harms rather than specific technical ...",C2,"From my perspective, focus on outcomes and harms rather than...",17
3,Pc882885b,It's crucial that self-regulation by industry has failed - government oversight is necessary.,It's crucial that self-regulation by industry has failed - government oversight ...,C5,"From my perspective, self-regulation by industry has failed ...",12
3,Pc891a0ee,I believe proactive regulation is essential to prevent harm before it occurs.,I believe proactive regulation is essential to prevent harm before it occurs.,C3,I believe proactive regulation is essential to prevent harm ...,16
3,Pcbeb4d3a,We must consider that international coordination is crucial since ai development is global.,We must consider that international coordination is crucial since ai development...,C7,I believe international coordination is crucial since ai dev...,10
3,Pcd0c9ac9,We must consider that adaptive regulatory frameworks that evolve with ai capabilities.,We must consider that adaptive regulatory frameworks that evolve with ai capabil...,C4,We must consider that adaptive regulatory frameworks that ev...,14
3,Pd55ec1e7,Proactive regulation is essential to prevent harm before it occurs.,Proactive regulation is essential to prevent harm before it occurs.,C3,I believe proactive regulation is essential to prevent harm ...,16
3,Pd5e7a821,I believe focus on outcomes and harms rather than specific technical approaches.,I believe focus on outcomes and harms rather than specific technical approaches.,C2,"From my perspective, focus on outcomes and harms rather than...",17
3,Pdbec22ad,"From my perspective, self-regulation by industry has failed - government oversight is necessary.","From my perspective, self-regulation by industry has failed - government oversig...",C5,"From my perspective, self-regulation by industry has failed ...",12
3,Pdc6aff73,"From my perspective, adaptive regulatory frameworks that evolve with ai capabilities.","From my perspective, adaptive regulatory frameworks that evolve with ai capabili...",C4,We must consider that adaptive regulatory frameworks that ev...,14
3,Pdca9c427,Proactive regulation is essential to prevent harm before it occurs.,Proactive regulation is essential to prevent harm before it occurs.,C3,I believe proactive regulation is essential to prevent harm ...,16
3,Pe18fbd36,I believe self-regulation by industry has failed - government oversight is necessary.,I believe self-regulation by industry has failed - government oversight is neces...,C5,"From my perspective, self-regulation by industry has failed ...",12
3,Pe27269d9,I believe focus on outcomes and harms rather than specific technical approaches.,I believe focus on outcomes and harms rather than specific technical approaches.,C2,"From my perspective, focus on outcomes and harms rather than...",17
3,Pe3a4bdcf,I believe adaptive regulatory frameworks that evolve with ai capabilities.,I believe adaptive regulatory frameworks that evolve with ai capabilities.,C4,We must consider that adaptive regulatory frameworks that ev...,14
3,Pe8c47516,It's crucial that international coordination is crucial since ai development is global.,It's crucial that international coordination is crucial since ai development is ...,C7,I believe international coordination is crucial since ai dev...,10
3,Pea995f7b,I believe international coordination is crucial since ai development is global.,I believe international coordination is crucial since ai development is global.,C7,I believe international coordination is crucial since ai dev...,10
3,Pf13ae6db,"From my perspective, focus on outcomes and harms rather than specific technical approaches.","From my perspective, focus on outcomes and harms rather than specific technical ...",C2,"From my perspective, focus on outcomes and harms rather than...",17
3,Pf14f674e,Proactive regulation is essential to prevent harm before it occurs.,Proactive regulation is essential to prevent harm before it occurs.,C3,I believe proactive regulation is essential to prevent harm ...,16
3,Pf179e4f4,It's crucial that sector-specific regulations make more sense than one-size-fits-all rules.,It's crucial that sector-specific regulations make more sense than one-size-fits...,C6,"From my perspective, sector-specific regulations make more s...",11
3,Pf5228fa2,We must consider that adaptive regulatory frameworks that evolve with ai capabilities.,We must consider that adaptive regulatory frameworks that evolve with ai capabil...,C4,We must consider that adaptive regulatory frameworks that ev...,14
3,Pf5fb26ab,I believe self-regulation by industry has failed - government oversight is necessary.,I believe self-regulation by industry has failed - government oversight is neces...,C5,"From my perspective, self-regulation by industry has failed ...",12
3,Pf64a95b9,"From my perspective, focus on outcomes and harms rather than specific technical approaches.","From my perspective, focus on outcomes and harms rather than specific technical ...",C2,"From my perspective, focus on outcomes and harms rather than...",17
3,Pfae07990,It's crucial that focus on outcomes and harms rather than specific technical approaches.,It's crucial that focus on outcomes and harms rather than specific technical app...,C2,"From my perspective, focus on outcomes and harms rather than...",17
3,Pfd6a013e,I believe focus on outcomes and harms rather than specific technical approaches.,I believe focus on outcomes and harms rather than specific technical approaches.,C2,"From my perspective, focus on outcomes and harms rather than...",17
6,P002db135,We must consider that strong encryption and data minimization should be default.,We must consider that strong encryption and data minimization should be default.,C6,Strong encryption and data minimization should be default.,12
6,P044ecf5c,I believe privacy impact assessments required before data collection.,I believe privacy impact assessments required before data collection.,C5,"From my perspective, privacy impact assessments required bef...",14
6,P06330240,"From my perspective, clear boundaries between innovation and surveillance.","From my perspective, clear boundaries between innovation and surveillance.",C7,"From my perspective, clear boundaries between innovation and...",10
6,P0ab6ce41,I believe privacy-preserving ai techniques like federated learning show promise.,I believe privacy-preserving ai techniques like federated learning show promise.,C1,"From my perspective, privacy-preserving ai techniques like f...",19
6,P0d87a908,"From my perspective, privacy impact assessments required before data collection.","From my perspective, privacy impact assessments required before data collection.",C5,"From my perspective, privacy impact assessments required bef...",14
6,P0f32ae92,"From my perspective, privacy impact assessments required before data collection.","From my perspective, privacy impact assessments required before data collection.",C5,"From my perspective, privacy impact assessments required bef...",14
6,P0f5473a7,"From my perspective, differential privacy ensures aggregate insights without individual exposure.","From my perspective, differential privacy ensures aggregate insights without ind...",C4,"From my perspective, differential privacy ensures aggregate ...",14
6,P119504ae,We must consider that privacy-preserving ai techniques like federated learning show promise.,We must consider that privacy-preserving ai techniques like federated learning s...,C1,"From my perspective, privacy-preserving ai techniques like f...",19
6,P12bcacb9,"From my perspective, differential privacy ensures aggregate insights without individual exposure.","From my perspective, differential privacy ensures aggregate insights without ind...",C4,"From my perspective, differential privacy ensures aggregate ...",14
6,P135c59bc,It's crucial that opt-in consent models rather than hidden terms of service.,It's crucial that opt-in consent models rather than hidden terms of service.,C3,Opt-in consent models rather than hidden terms of service.,15
6,P13b01763,I believe individuals should own and control their personal data.,I believe individuals should own and control their personal data.,C2,Individuals should own and control their personal data.,16
6,P183fe416,It's crucial that privacy impact assessments required before data collection.,It's crucial that privacy impact assessments required before data collection.,C5,"From my perspective, privacy impact assessments required bef...",14
6,P1f737eee,"From my perspective, strong encryption and data minimization should be default.","From my perspective, strong encryption and data minimization should be default.",C6,Strong encryption and data minimization should be default.,12
6,P21db03f4,I believe individuals should own and control their personal data.,I believe individuals should own and control their personal data.,C2,Individuals should own and control their personal data.,16
6,P2324fc7b,I believe differential privacy ensures aggregate insights without individual exposure.,I believe differential privacy ensures aggregate insights without individual exp...,C4,"From my perspective, differential privacy ensures aggregate ...",14
6,P2381b85a,We must consider that opt-in consent models rather than hidden terms of service.,We must consider that opt-in consent models rather than hidden terms of service.,C3,Opt-in consent models rather than hidden terms of service.,15
6,P246cc61f,I believe differential privacy ensures aggregate insights without individual exposure.,I believe differential privacy ensures aggregate insights without individual exp...,C4,"From my perspective, differential privacy ensures aggregate ...",14
6,P296e49c2,Privacy-preserving AI techniques like federated learning show promise.,Privacy-preserving AI techniques like federated learning show promise.,C1,"From my perspective, privacy-preserving ai techniques like f...",19
6,P322599fb,I believe clear boundaries between innovation and surveillance.,I believe clear boundaries between innovation and surveillance.,C7,"From my perspective, clear boundaries between innovation and...",10
6,P3272202c,We must consider that individuals should own and control their personal data.,We must consider that individuals should own and control their personal data.,C2,Individuals should own and control their personal data.,16
6,P32814f77,"From my perspective, differential privacy ensures aggregate insights without individual exposure.","From my perspective, differential privacy ensures aggregate insights without ind...",C4,"From my perspective, differential privacy ensures aggregate ...",14
6,P33c92c55,"From my perspective, strong encryption and data minimization should be default.","From my perspective, strong encryption and data minimization should be default.",C6,Strong encryption and data minimization should be default.,12
6,P37e79c19,We must consider that differential privacy ensures aggregate insights without individual exposure.,We must consider that differential privacy ensures aggregate insights without in...,C4,"From my perspective, differential privacy ensures aggregate ...",14
6,P39b8ee3e,Privacy-preserving AI techniques like federated learning show promise.,Privacy-preserving AI techniques like federated learning show promise.,C1,"From my perspective, privacy-preserving ai techniques like f...",19
6,P3d508b19,I believe privacy-preserving ai techniques like federated learning show promise.,I believe privacy-preserving ai techniques like federated learning show promise.,C1,"From my perspective, privacy-preserving ai techniques like f...",19
6,P42ae8d81,We must consider that individuals should own and control their personal data.,We must consider that individuals should own and control their personal data.,C2,Individuals should own and control their personal data.,16
6,P439843c7,"From my perspective, privacy-preserving ai techniques like federated learning show promise.","From my perspective, privacy-preserving ai techniques like federated learning sh...",C1,"From my perspective, privacy-preserving ai techniques like f...",19
6,P45ebecd9,Opt-in consent models rather than hidden terms of service.,Opt-in consent models rather than hidden terms of service.,C3,Opt-in consent models rather than hidden terms of service.,15
6,P475b51fb,We must consider that privacy-preserving ai techniques like federated learning show promise.,We must consider that privacy-preserving ai techniques like federated learning s...,C1,"From my perspective, privacy-preserving ai techniques like f...",19
6,P4e364102,We must consider that privacy impact assessments required before data collection.,We must consider that privacy impact assessments required before data collection...,C5,"From my perspective, privacy impact assessments required bef...",14
6,P5020088e,It's crucial that individuals should own and control their personal data.,It's crucial that individuals should own and control their personal data.,C2,Individuals should own and control their personal data.,16
6,P55221ec9,"From my perspective, clear boundaries between innovation and surveillance.","From my perspective, clear boundaries between innovation and surveillance.",C7,"From my perspective, clear boundaries between innovation and...",10
6,P5764ed1b,It's crucial that privacy impact assessments required before data collection.,It's crucial that privacy impact assessments required before data collection.,C5,"From my perspective, privacy impact assessments required bef...",14
6,P578a7959,We must consider that clear boundaries between innovation and surveillance.,We must consider that clear boundaries between innovation and surveillance.,C7,"From my perspective, clear boundaries between innovation and...",10
6,P57ab0079,I believe opt-in consent models rather than hidden terms of service.,I believe opt-in consent models rather than hidden terms of service.,C3,Opt-in consent models rather than hidden terms of service.,15
6,P589f7387,I believe differential privacy ensures aggregate insights without individual exposure.,I believe differential privacy ensures aggregate insights without individual exp...,C4,"From my perspective, differential privacy ensures aggregate ...",14
6,P5a85e1f6,Strong encryption and data minimization should be default.,Strong encryption and data minimization should be default.,C6,Strong encryption and data minimization should be default.,12
6,P5e120e50,I believe opt-in consent models rather than hidden terms of service.,I believe opt-in consent models rather than hidden terms of service.,C3,Opt-in consent models rather than hidden terms of service.,15
6,P5ed16fbc,Strong encryption and data minimization should be default.,Strong encryption and data minimization should be default.,C6,Strong encryption and data minimization should be default.,12
6,P60e852d4,We must consider that privacy-preserving ai techniques like federated learning show promise.,We must consider that privacy-preserving ai techniques like federated learning s...,C1,"From my perspective, privacy-preserving ai techniques like f...",19
6,P63cfcea6,We must consider that strong encryption and data minimization should be default.,We must consider that strong encryption and data minimization should be default.,C6,Strong encryption and data minimization should be default.,12
6,P667a66c5,Opt-in consent models rather than hidden terms of service.,Opt-in consent models rather than hidden terms of service.,C3,Opt-in consent models rather than hidden terms of service.,15
6,P6776c919,"From my perspective, privacy impact assessments required before data collection.","From my perspective, privacy impact assessments required before data collection.",C5,"From my perspective, privacy impact assessments required bef...",14
6,P694dc0cd,"From my perspective, privacy-preserving ai techniques like federated learning show promise.","From my perspective, privacy-preserving ai techniques like federated learning sh...",C1,"From my perspective, privacy-preserving ai techniques like f...",19
6,P6b866ec0,Privacy impact assessments required before data collection.,Privacy impact assessments required before data collection.,C5,"From my perspective, privacy impact assessments required bef...",14
6,P70f4e5f9,Privacy-preserving AI techniques like federated learning show promise.,Privacy-preserving AI techniques like federated learning show promise.,C1,"From my perspective, privacy-preserving ai techniques like f...",19
6,P71bb05ec,It's crucial that strong encryption and data minimization should be default.,It's crucial that strong encryption and data minimization should be default.,C6,Strong encryption and data minimization should be default.,12
6,P72e25bfe,"From my perspective, opt-in consent models rather than hidden terms of service.","From my perspective, opt-in consent models rather than hidden terms of service.",C3,Opt-in consent models rather than hidden terms of service.,15
6,P77fe9f73,It's crucial that privacy-preserving ai techniques like federated learning show promise.,It's crucial that privacy-preserving ai techniques like federated learning show ...,C1,"From my perspective, privacy-preserving ai techniques like f...",19
6,P7cf4c70d,Individuals should own and control their personal data.,Individuals should own and control their personal data.,C2,Individuals should own and control their personal data.,16
6,P821be496,We must consider that privacy-preserving ai techniques like federated learning show promise.,We must consider that privacy-preserving ai techniques like federated learning s...,C1,"From my perspective, privacy-preserving ai techniques like f...",19
6,P83e9d6d1,I believe privacy impact assessments required before data collection.,I believe privacy impact assessments required before data collection.,C5,"From my perspective, privacy impact assessments required bef...",14
6,P8438eb45,I believe differential privacy ensures aggregate insights without individual exposure.,I believe differential privacy ensures aggregate insights without individual exp...,C4,"From my perspective, differential privacy ensures aggregate ...",14
6,P8872bcc4,I believe individuals should own and control their personal data.,I believe individuals should own and control their personal data.,C2,Individuals should own and control their personal data.,16
6,P8a48b733,Privacy impact assessments required before data collection.,Privacy impact assessments required before data collection.,C5,"From my perspective, privacy impact assessments required bef...",14
6,P8bd4adb0,We must consider that clear boundaries between innovation and surveillance.,We must consider that clear boundaries between innovation and surveillance.,C7,"From my perspective, clear boundaries between innovation and...",10
6,P8ef64442,Strong encryption and data minimization should be default.,Strong encryption and data minimization should be default.,C6,Strong encryption and data minimization should be default.,12
6,P91d048ed,It's crucial that privacy-preserving ai techniques like federated learning show promise.,It's crucial that privacy-preserving ai techniques like federated learning show ...,C1,"From my perspective, privacy-preserving ai techniques like f...",19
6,P9491c569,Individuals should own and control their personal data.,Individuals should own and control their personal data.,C2,Individuals should own and control their personal data.,16
6,P9a076f12,Differential privacy ensures aggregate insights without individual exposure.,Differential privacy ensures aggregate insights without individual exposure.,C4,"From my perspective, differential privacy ensures aggregate ...",14
6,P9dfd0389,"From my perspective, opt-in consent models rather than hidden terms of service.","From my perspective, opt-in consent models rather than hidden terms of service.",C3,Opt-in consent models rather than hidden terms of service.,15
6,P9f56cc8b,We must consider that strong encryption and data minimization should be default.,We must consider that strong encryption and data minimization should be default.,C6,Strong encryption and data minimization should be default.,12
6,Pa06225b8,"From my perspective, differential privacy ensures aggregate insights without individual exposure.","From my perspective, differential privacy ensures aggregate insights without ind...",C4,"From my perspective, differential privacy ensures aggregate ...",14
6,Pa272d82c,It's crucial that opt-in consent models rather than hidden terms of service.,It's crucial that opt-in consent models rather than hidden terms of service.,C3,Opt-in consent models rather than hidden terms of service.,15
6,Pa61b32d9,I believe privacy-preserving ai techniques like federated learning show promise.,I believe privacy-preserving ai techniques like federated learning show promise.,C1,"From my perspective, privacy-preserving ai techniques like f...",19
6,Pa893e684,"From my perspective, individuals should own and control their personal data.","From my perspective, individuals should own and control their personal data.",C2,Individuals should own and control their personal data.,16
6,Pabd011f9,We must consider that privacy-preserving ai techniques like federated learning show promise.,We must consider that privacy-preserving ai techniques like federated learning s...,C1,"From my perspective, privacy-preserving ai techniques like f...",19
6,Pb0ae6c81,We must consider that individuals should own and control their personal data.,We must consider that individuals should own and control their personal data.,C2,Individuals should own and control their personal data.,16
6,Pb2ab2d79,Privacy-preserving AI techniques like federated learning show promise.,Privacy-preserving AI techniques like federated learning show promise.,C1,"From my perspective, privacy-preserving ai techniques like f...",19
6,Pb31753dd,I believe opt-in consent models rather than hidden terms of service.,I believe opt-in consent models rather than hidden terms of service.,C3,Opt-in consent models rather than hidden terms of service.,15
6,Pb4d8b678,It's crucial that privacy impact assessments required before data collection.,It's crucial that privacy impact assessments required before data collection.,C5,"From my perspective, privacy impact assessments required bef...",14
6,Pb9ddb511,"From my perspective, clear boundaries between innovation and surveillance.","From my perspective, clear boundaries between innovation and surveillance.",C7,"From my perspective, clear boundaries between innovation and...",10
6,Pba0d1e32,I believe strong encryption and data minimization should be default.,I believe strong encryption and data minimization should be default.,C6,Strong encryption and data minimization should be default.,12
6,Pbcc576d8,Privacy impact assessments required before data collection.,Privacy impact assessments required before data collection.,C5,"From my perspective, privacy impact assessments required bef...",14
6,Pc40c86ef,I believe opt-in consent models rather than hidden terms of service.,I believe opt-in consent models rather than hidden terms of service.,C3,Opt-in consent models rather than hidden terms of service.,15
6,Pc5227372,Privacy-preserving AI techniques like federated learning show promise.,Privacy-preserving AI techniques like federated learning show promise.,C1,"From my perspective, privacy-preserving ai techniques like f...",19
6,Pc554f688,"From my perspective, strong encryption and data minimization should be default.","From my perspective, strong encryption and data minimization should be default.",C6,Strong encryption and data minimization should be default.,12
6,Pc7dbe664,"From my perspective, differential privacy ensures aggregate insights without individual exposure.","From my perspective, differential privacy ensures aggregate insights without ind...",C4,"From my perspective, differential privacy ensures aggregate ...",14
6,Pc882885b,Individuals should own and control their personal data.,Individuals should own and control their personal data.,C2,Individuals should own and control their personal data.,16
6,Pc891a0ee,I believe individuals should own and control their personal data.,I believe individuals should own and control their personal data.,C2,Individuals should own and control their personal data.,16
6,Pcbeb4d3a,We must consider that privacy impact assessments required before data collection.,We must consider that privacy impact assessments required before data collection...,C5,"From my perspective, privacy impact assessments required bef...",14
6,Pcd0c9ac9,Individuals should own and control their personal data.,Individuals should own and control their personal data.,C2,Individuals should own and control their personal data.,16
6,Pd55ec1e7,Differential privacy ensures aggregate insights without individual exposure.,Differential privacy ensures aggregate insights without individual exposure.,C4,"From my perspective, differential privacy ensures aggregate ...",14
6,Pd5e7a821,I believe clear boundaries between innovation and surveillance.,I believe clear boundaries between innovation and surveillance.,C7,"From my perspective, clear boundaries between innovation and...",10
6,Pdbec22ad,It's crucial that opt-in consent models rather than hidden terms of service.,It's crucial that opt-in consent models rather than hidden terms of service.,C3,Opt-in consent models rather than hidden terms of service.,15
6,Pdc6aff73,"From my perspective, clear boundaries between innovation and surveillance.","From my perspective, clear boundaries between innovation and surveillance.",C7,"From my perspective, clear boundaries between innovation and...",10
6,Pdca9c427,I believe clear boundaries between innovation and surveillance.,I believe clear boundaries between innovation and surveillance.,C7,"From my perspective, clear boundaries between innovation and...",10
6,Pe18fbd36,It's crucial that individuals should own and control their personal data.,It's crucial that individuals should own and control their personal data.,C2,Individuals should own and control their personal data.,16
6,Pe27269d9,Opt-in consent models rather than hidden terms of service.,Opt-in consent models rather than hidden terms of service.,C3,Opt-in consent models rather than hidden terms of service.,15
6,Pe3a4bdcf,It's crucial that individuals should own and control their personal data.,It's crucial that individuals should own and control their personal data.,C2,Individuals should own and control their personal data.,16
6,Pe8c47516,It's crucial that opt-in consent models rather than hidden terms of service.,It's crucial that opt-in consent models rather than hidden terms of service.,C3,Opt-in consent models rather than hidden terms of service.,15
6,Pea995f7b,I believe differential privacy ensures aggregate insights without individual exposure.,I believe differential privacy ensures aggregate insights without individual exp...,C4,"From my perspective, differential privacy ensures aggregate ...",14
6,Pf13ae6db,I believe opt-in consent models rather than hidden terms of service.,I believe opt-in consent models rather than hidden terms of service.,C3,Opt-in consent models rather than hidden terms of service.,15
6,Pf14f674e,It's crucial that privacy impact assessments required before data collection.,It's crucial that privacy impact assessments required before data collection.,C5,"From my perspective, privacy impact assessments required bef...",14
6,Pf179e4f4,It's crucial that individuals should own and control their personal data.,It's crucial that individuals should own and control their personal data.,C2,Individuals should own and control their personal data.,16
6,Pf5228fa2,"From my perspective, clear boundaries between innovation and surveillance.","From my perspective, clear boundaries between innovation and surveillance.",C7,"From my perspective, clear boundaries between innovation and...",10
6,Pf5fb26ab,We must consider that privacy-preserving ai techniques like federated learning show promise.,We must consider that privacy-preserving ai techniques like federated learning s...,C1,"From my perspective, privacy-preserving ai techniques like f...",19
6,Pf64a95b9,Differential privacy ensures aggregate insights without individual exposure.,Differential privacy ensures aggregate insights without individual exposure.,C4,"From my perspective, differential privacy ensures aggregate ...",14
6,Pfae07990,It's crucial that privacy-preserving ai techniques like federated learning show promise.,It's crucial that privacy-preserving ai techniques like federated learning show ...,C1,"From my perspective, privacy-preserving ai techniques like f...",19
6,Pfd6a013e,"From my perspective, strong encryption and data minimization should be default.","From my perspective, strong encryption and data minimization should be default.",C6,Strong encryption and data minimization should be default.,12
10,P002db135,It's crucial that international coordination essential to prevent dangerous ai race.,It's crucial that international coordination essential to prevent dangerous ai r...,C2,"From my perspective, international coordination essential to...",16
10,P044ecf5c,I believe extensive safety research before pursuing agi capabilities.,I believe extensive safety research before pursuing agi capabilities.,C1,We must consider that extensive safety research before pursu...,19
10,P06330240,"I believe agi development should be collaborative, not competitive.","I believe agi development should be collaborative, not competitive.",C4,"From my perspective, agi development should be collaborative...",14
10,P0ab6ce41,"I believe agi development should be collaborative, not competitive.","I believe agi development should be collaborative, not competitive.",C4,"From my perspective, agi development should be collaborative...",14
10,P0d87a908,We must consider that international coordination essential to prevent dangerous ai race.,We must consider that international coordination essential to prevent dangerous ...,C2,"From my perspective, international coordination essential to...",16
10,P0f32ae92,"We must consider that commitment to ensuring agi benefits all humanity, not narrow interests.","We must consider that commitment to ensuring agi benefits all humanity, not narr...",C6,"I believe commitment to ensuring agi benefits all humanity, ...",14
10,P0f5473a7,"From my perspective, extensive safety research before pursuing agi capabilities.","From my perspective, extensive safety research before pursuing agi capabilities.",C1,We must consider that extensive safety research before pursu...,19
10,P119504ae,"From my perspective, public input and democratic governance over agi direction.","From my perspective, public input and democratic governance over agi direction.",C3,We must consider that public input and democratic governance...,15
10,P12bcacb9,It's crucial that extensive safety research before pursuing agi capabilities.,It's crucial that extensive safety research before pursuing agi capabilities.,C1,We must consider that extensive safety research before pursu...,19
10,P135c59bc,We must consider that extensive safety research before pursuing agi capabilities.,We must consider that extensive safety research before pursuing agi capabilities...,C1,We must consider that extensive safety research before pursu...,19
10,P13b01763,Clear red lines on capabilities that shouldn't be developed.,Clear red lines on capabilities that shouldn't be developed.,C5,I believe clear red lines on capabilities that shouldn't be ...,14
10,P183fe416,I believe clear red lines on capabilities that shouldn't be developed.,I believe clear red lines on capabilities that shouldn't be developed.,C5,I believe clear red lines on capabilities that shouldn't be ...,14
10,P1f737eee,"I believe commitment to ensuring agi benefits all humanity, not narrow interests.","I believe commitment to ensuring agi benefits all humanity, not narrow interests...",C6,"I believe commitment to ensuring agi benefits all humanity, ...",14
10,P21db03f4,"From my perspective, commitment to ensuring agi benefits all humanity, not narrow interests.","From my perspective, commitment to ensuring agi benefits all humanity, not narro...",C6,"I believe commitment to ensuring agi benefits all humanity, ...",14
10,P2324fc7b,"From my perspective, clear red lines on capabilities that shouldn't be developed.","From my perspective, clear red lines on capabilities that shouldn't be developed...",C5,I believe clear red lines on capabilities that shouldn't be ...,14
10,P2381b85a,"We must consider that agi development should be collaborative, not competitive.","We must consider that agi development should be collaborative, not competitive.",C4,"From my perspective, agi development should be collaborative...",14
10,P246cc61f,"From my perspective, clear red lines on capabilities that shouldn't be developed.","From my perspective, clear red lines on capabilities that shouldn't be developed...",C5,I believe clear red lines on capabilities that shouldn't be ...,14
10,P296e49c2,We must consider that philosophical and ethical frameworks must precede technical development.,We must consider that philosophical and ethical frameworks must precede technica...,C7,I believe philosophical and ethical frameworks must precede ...,8
10,P322599fb,We must consider that international coordination essential to prevent dangerous ai race.,We must consider that international coordination essential to prevent dangerous ...,C2,"From my perspective, international coordination essential to...",16
10,P3272202c,We must consider that international coordination essential to prevent dangerous ai race.,We must consider that international coordination essential to prevent dangerous ...,C2,"From my perspective, international coordination essential to...",16
10,P32814f77,We must consider that clear red lines on capabilities that shouldn't be developed.,We must consider that clear red lines on capabilities that shouldn't be develope...,C5,I believe clear red lines on capabilities that shouldn't be ...,14
10,P33c92c55,I believe international coordination essential to prevent dangerous ai race.,I believe international coordination essential to prevent dangerous ai race.,C2,"From my perspective, international coordination essential to...",16
10,P37e79c19,"I believe commitment to ensuring agi benefits all humanity, not narrow interests.","I believe commitment to ensuring agi benefits all humanity, not narrow interests...",C6,"I believe commitment to ensuring agi benefits all humanity, ...",14
10,P39b8ee3e,"I believe agi development should be collaborative, not competitive.","I believe agi development should be collaborative, not competitive.",C4,"From my perspective, agi development should be collaborative...",14
10,P3d508b19,"AGI development should be collaborative, not competitive.","AGI development should be collaborative, not competitive.",C4,"From my perspective, agi development should be collaborative...",14
10,P42ae8d81,It's crucial that public input and democratic governance over agi direction.,It's crucial that public input and democratic governance over agi direction.,C3,We must consider that public input and democratic governance...,15
10,P439843c7,"From my perspective, international coordination essential to prevent dangerous ai race.","From my perspective, international coordination essential to prevent dangerous a...",C2,"From my perspective, international coordination essential to...",16
10,P45ebecd9,It's crucial that extensive safety research before pursuing agi capabilities.,It's crucial that extensive safety research before pursuing agi capabilities.,C1,We must consider that extensive safety research before pursu...,19
10,P475b51fb,"From my perspective, international coordination essential to prevent dangerous ai race.","From my perspective, international coordination essential to prevent dangerous a...",C2,"From my perspective, international coordination essential to...",16
10,P4e364102,"From my perspective, commitment to ensuring agi benefits all humanity, not narrow interests.","From my perspective, commitment to ensuring agi benefits all humanity, not narro...",C6,"I believe commitment to ensuring agi benefits all humanity, ...",14
10,P5020088e,"It's crucial that commitment to ensuring agi benefits all humanity, not narrow interests.","It's crucial that commitment to ensuring agi benefits all humanity, not narrow i...",C6,"I believe commitment to ensuring agi benefits all humanity, ...",14
10,P55221ec9,"From my perspective, extensive safety research before pursuing agi capabilities.","From my perspective, extensive safety research before pursuing agi capabilities.",C1,We must consider that extensive safety research before pursu...,19
10,P5764ed1b,Philosophical and ethical frameworks must precede technical development.,Philosophical and ethical frameworks must precede technical development.,C7,I believe philosophical and ethical frameworks must precede ...,8
10,P578a7959,"From my perspective, clear red lines on capabilities that shouldn't be developed.","From my perspective, clear red lines on capabilities that shouldn't be developed...",C5,I believe clear red lines on capabilities that shouldn't be ...,14
10,P57ab0079,"From my perspective, international coordination essential to prevent dangerous ai race.","From my perspective, international coordination essential to prevent dangerous a...",C2,"From my perspective, international coordination essential to...",16
10,P589f7387,I believe philosophical and ethical frameworks must precede technical development.,I believe philosophical and ethical frameworks must precede technical developmen...,C7,I believe philosophical and ethical frameworks must precede ...,8
10,P5a85e1f6,"We must consider that commitment to ensuring agi benefits all humanity, not narrow interests.","We must consider that commitment to ensuring agi benefits all humanity, not narr...",C6,"I believe commitment to ensuring agi benefits all humanity, ...",14
10,P5e120e50,"I believe commitment to ensuring agi benefits all humanity, not narrow interests.","I believe commitment to ensuring agi benefits all humanity, not narrow interests...",C6,"I believe commitment to ensuring agi benefits all humanity, ...",14
10,P5ed16fbc,"It's crucial that commitment to ensuring agi benefits all humanity, not narrow interests.","It's crucial that commitment to ensuring agi benefits all humanity, not narrow i...",C6,"I believe commitment to ensuring agi benefits all humanity, ...",14
10,P60e852d4,"From my perspective, clear red lines on capabilities that shouldn't be developed.","From my perspective, clear red lines on capabilities that shouldn't be developed...",C5,I believe clear red lines on capabilities that shouldn't be ...,14
10,P63cfcea6,I believe philosophical and ethical frameworks must precede technical development.,I believe philosophical and ethical frameworks must precede technical developmen...,C7,I believe philosophical and ethical frameworks must precede ...,8
10,P667a66c5,"We must consider that agi development should be collaborative, not competitive.","We must consider that agi development should be collaborative, not competitive.",C4,"From my perspective, agi development should be collaborative...",14
10,P6776c919,"We must consider that agi development should be collaborative, not competitive.","We must consider that agi development should be collaborative, not competitive.",C4,"From my perspective, agi development should be collaborative...",14
10,P694dc0cd,Clear red lines on capabilities that shouldn't be developed.,Clear red lines on capabilities that shouldn't be developed.,C5,I believe clear red lines on capabilities that shouldn't be ...,14
10,P6b866ec0,"We must consider that agi development should be collaborative, not competitive.","We must consider that agi development should be collaborative, not competitive.",C4,"From my perspective, agi development should be collaborative...",14
10,P70f4e5f9,I believe extensive safety research before pursuing agi capabilities.,I believe extensive safety research before pursuing agi capabilities.,C1,We must consider that extensive safety research before pursu...,19
10,P71bb05ec,I believe international coordination essential to prevent dangerous ai race.,I believe international coordination essential to prevent dangerous ai race.,C2,"From my perspective, international coordination essential to...",16
10,P72e25bfe,I believe international coordination essential to prevent dangerous ai race.,I believe international coordination essential to prevent dangerous ai race.,C2,"From my perspective, international coordination essential to...",16
10,P77fe9f73,International coordination essential to prevent dangerous AI race.,International coordination essential to prevent dangerous AI race.,C2,"From my perspective, international coordination essential to...",16
10,P7cf4c70d,I believe public input and democratic governance over agi direction.,I believe public input and democratic governance over agi direction.,C3,We must consider that public input and democratic governance...,15
10,P821be496,I believe clear red lines on capabilities that shouldn't be developed.,I believe clear red lines on capabilities that shouldn't be developed.,C5,I believe clear red lines on capabilities that shouldn't be ...,14
10,P83e9d6d1,"AGI development should be collaborative, not competitive.","AGI development should be collaborative, not competitive.",C4,"From my perspective, agi development should be collaborative...",14
10,P8438eb45,I believe international coordination essential to prevent dangerous ai race.,I believe international coordination essential to prevent dangerous ai race.,C2,"From my perspective, international coordination essential to...",16
10,P8872bcc4,It's crucial that clear red lines on capabilities that shouldn't be developed.,It's crucial that clear red lines on capabilities that shouldn't be developed.,C5,I believe clear red lines on capabilities that shouldn't be ...,14
10,P8a48b733,Clear red lines on capabilities that shouldn't be developed.,Clear red lines on capabilities that shouldn't be developed.,C5,I believe clear red lines on capabilities that shouldn't be ...,14
10,P8bd4adb0,"I believe commitment to ensuring agi benefits all humanity, not narrow interests.","I believe commitment to ensuring agi benefits all humanity, not narrow interests...",C6,"I believe commitment to ensuring agi benefits all humanity, ...",14
10,P8ef64442,We must consider that public input and democratic governance over agi direction.,We must consider that public input and democratic governance over agi direction.,C3,We must consider that public input and democratic governance...,15
10,P91d048ed,"From my perspective, extensive safety research before pursuing agi capabilities.","From my perspective, extensive safety research before pursuing agi capabilities.",C1,We must consider that extensive safety research before pursu...,19
10,P9491c569,It's crucial that extensive safety research before pursuing agi capabilities.,It's crucial that extensive safety research before pursuing agi capabilities.,C1,We must consider that extensive safety research before pursu...,19
10,P9a076f12,We must consider that extensive safety research before pursuing agi capabilities.,We must consider that extensive safety research before pursuing agi capabilities...,C1,We must consider that extensive safety research before pursu...,19
10,P9dfd0389,We must consider that clear red lines on capabilities that shouldn't be developed.,We must consider that clear red lines on capabilities that shouldn't be develope...,C5,I believe clear red lines on capabilities that shouldn't be ...,14
10,P9f56cc8b,We must consider that public input and democratic governance over agi direction.,We must consider that public input and democratic governance over agi direction.,C3,We must consider that public input and democratic governance...,15
10,Pa06225b8,We must consider that extensive safety research before pursuing agi capabilities.,We must consider that extensive safety research before pursuing agi capabilities...,C1,We must consider that extensive safety research before pursu...,19
10,Pa272d82c,I believe philosophical and ethical frameworks must precede technical development.,I believe philosophical and ethical frameworks must precede technical developmen...,C7,I believe philosophical and ethical frameworks must precede ...,8
10,Pa61b32d9,Public input and democratic governance over AGI direction.,Public input and democratic governance over AGI direction.,C3,We must consider that public input and democratic governance...,15
10,Pa893e684,I believe clear red lines on capabilities that shouldn't be developed.,I believe clear red lines on capabilities that shouldn't be developed.,C5,I believe clear red lines on capabilities that shouldn't be ...,14
10,Pabd011f9,"From my perspective, agi development should be collaborative, not competitive.","From my perspective, agi development should be collaborative, not competitive.",C4,"From my perspective, agi development should be collaborative...",14
10,Pb0ae6c81,We must consider that public input and democratic governance over agi direction.,We must consider that public input and democratic governance over agi direction.,C3,We must consider that public input and democratic governance...,15
10,Pb2ab2d79,We must consider that extensive safety research before pursuing agi capabilities.,We must consider that extensive safety research before pursuing agi capabilities...,C1,We must consider that extensive safety research before pursu...,19
10,Pb31753dd,It's crucial that public input and democratic governance over agi direction.,It's crucial that public input and democratic governance over agi direction.,C3,We must consider that public input and democratic governance...,15
10,Pb4d8b678,I believe public input and democratic governance over agi direction.,I believe public input and democratic governance over agi direction.,C3,We must consider that public input and democratic governance...,15
10,Pb9ddb511,"We must consider that agi development should be collaborative, not competitive.","We must consider that agi development should be collaborative, not competitive.",C4,"From my perspective, agi development should be collaborative...",14
10,Pba0d1e32,Philosophical and ethical frameworks must precede technical development.,Philosophical and ethical frameworks must precede technical development.,C7,I believe philosophical and ethical frameworks must precede ...,8
10,Pbcc576d8,"From my perspective, commitment to ensuring agi benefits all humanity, not narrow interests.","From my perspective, commitment to ensuring agi benefits all humanity, not narro...",C6,"I believe commitment to ensuring agi benefits all humanity, ...",14
10,Pc40c86ef,We must consider that extensive safety research before pursuing agi capabilities.,We must consider that extensive safety research before pursuing agi capabilities...,C1,We must consider that extensive safety research before pursu...,19
10,Pc5227372,"I believe agi development should be collaborative, not competitive.","I believe agi development should be collaborative, not competitive.",C4,"From my perspective, agi development should be collaborative...",14
10,Pc554f688,We must consider that public input and democratic governance over agi direction.,We must consider that public input and democratic governance over agi direction.,C3,We must consider that public input and democratic governance...,15
10,Pc7dbe664,"From my perspective, agi development should be collaborative, not competitive.","From my perspective, agi development should be collaborative, not competitive.",C4,"From my perspective, agi development should be collaborative...",14
10,Pc882885b,It's crucial that public input and democratic governance over agi direction.,It's crucial that public input and democratic governance over agi direction.,C3,We must consider that public input and democratic governance...,15
10,Pc891a0ee,"It's crucial that commitment to ensuring agi benefits all humanity, not narrow interests.","It's crucial that commitment to ensuring agi benefits all humanity, not narrow i...",C6,"I believe commitment to ensuring agi benefits all humanity, ...",14
10,Pcbeb4d3a,We must consider that public input and democratic governance over agi direction.,We must consider that public input and democratic governance over agi direction.,C3,We must consider that public input and democratic governance...,15
10,Pcd0c9ac9,It's crucial that extensive safety research before pursuing agi capabilities.,It's crucial that extensive safety research before pursuing agi capabilities.,C1,We must consider that extensive safety research before pursu...,19
10,Pd55ec1e7,Clear red lines on capabilities that shouldn't be developed.,Clear red lines on capabilities that shouldn't be developed.,C5,I believe clear red lines on capabilities that shouldn't be ...,14
10,Pd5e7a821,"I believe agi development should be collaborative, not competitive.","I believe agi development should be collaborative, not competitive.",C4,"From my perspective, agi development should be collaborative...",14
10,Pdbec22ad,It's crucial that public input and democratic governance over agi direction.,It's crucial that public input and democratic governance over agi direction.,C3,We must consider that public input and democratic governance...,15
10,Pdc6aff73,We must consider that philosophical and ethical frameworks must precede technical development.,We must consider that philosophical and ethical frameworks must precede technica...,C7,I believe philosophical and ethical frameworks must precede ...,8
10,Pdca9c427,We must consider that international coordination essential to prevent dangerous ai race.,We must consider that international coordination essential to prevent dangerous ...,C2,"From my perspective, international coordination essential to...",16
10,Pe18fbd36,"From my perspective, extensive safety research before pursuing agi capabilities.","From my perspective, extensive safety research before pursuing agi capabilities.",C1,We must consider that extensive safety research before pursu...,19
10,Pe27269d9,It's crucial that public input and democratic governance over agi direction.,It's crucial that public input and democratic governance over agi direction.,C3,We must consider that public input and democratic governance...,15
10,Pe3a4bdcf,Extensive safety research before pursuing AGI capabilities.,Extensive safety research before pursuing AGI capabilities.,C1,We must consider that extensive safety research before pursu...,19
10,Pe8c47516,"From my perspective, commitment to ensuring agi benefits all humanity, not narrow interests.","From my perspective, commitment to ensuring agi benefits all humanity, not narro...",C6,"I believe commitment to ensuring agi benefits all humanity, ...",14
10,Pea995f7b,Extensive safety research before pursuing AGI capabilities.,Extensive safety research before pursuing AGI capabilities.,C1,We must consider that extensive safety research before pursu...,19
10,Pf13ae6db,We must consider that extensive safety research before pursuing agi capabilities.,We must consider that extensive safety research before pursuing agi capabilities...,C1,We must consider that extensive safety research before pursu...,19
10,Pf14f674e,I believe philosophical and ethical frameworks must precede technical development.,I believe philosophical and ethical frameworks must precede technical developmen...,C7,I believe philosophical and ethical frameworks must precede ...,8
10,Pf179e4f4,I believe international coordination essential to prevent dangerous ai race.,I believe international coordination essential to prevent dangerous ai race.,C2,"From my perspective, international coordination essential to...",16
10,Pf5228fa2,We must consider that international coordination essential to prevent dangerous ai race.,We must consider that international coordination essential to prevent dangerous ...,C2,"From my perspective, international coordination essential to...",16
10,Pf5fb26ab,"From my perspective, commitment to ensuring agi benefits all humanity, not narrow interests.","From my perspective, commitment to ensuring agi benefits all humanity, not narro...",C6,"I believe commitment to ensuring agi benefits all humanity, ...",14
10,Pf64a95b9,We must consider that public input and democratic governance over agi direction.,We must consider that public input and democratic governance over agi direction.,C3,We must consider that public input and democratic governance...,15
10,Pfae07990,"From my perspective, extensive safety research before pursuing agi capabilities.","From my perspective, extensive safety research before pursuing agi capabilities.",C1,We must consider that extensive safety research before pursu...,19
10,Pfd6a013e,"From my perspective, international coordination essential to prevent dangerous ai race.","From my perspective, international coordination essential to prevent dangerous a...",C2,"From my perspective, international coordination essential to...",16
9,P002db135,"From my perspective, digital citizenship education including ai's societal impacts.","From my perspective, digital citizenship education including ai's societal impac...",C1,Digital citizenship education including AI's societal impact...,20
9,P044ecf5c,"From my perspective, curriculum should emphasize creativity and emotional intelligence.","From my perspective, curriculum should emphasize creativity and emotional intell...",C6,We must consider that curriculum should emphasize creativity...,11
9,P06330240,We must consider that critical thinking and ai literacy should start in elementary school.,We must consider that critical thinking and ai literacy should start in elementa...,C7,"From my perspective, critical thinking and ai literacy shoul...",10
9,P0ab6ce41,"From my perspective, digital citizenship education including ai's societal impacts.","From my perspective, digital citizenship education including ai's societal impac...",C1,Digital citizenship education including AI's societal impact...,20
9,P0d87a908,Digital citizenship education including AI's societal impacts.,Digital citizenship education including AI's societal impacts.,C1,Digital citizenship education including AI's societal impact...,20
9,P0f32ae92,Teacher training programs to integrate AI tools effectively.,Teacher training programs to integrate AI tools effectively.,C5,"From my perspective, teacher training programs to integrate ...",13
9,P0f5473a7,"From my perspective, lifelong learning programs as career changes become more frequent.","From my perspective, lifelong learning programs as career changes become more fr...",C4,"From my perspective, lifelong learning programs as career ch...",14
9,P119504ae,"From my perspective, critical thinking and ai literacy should start in elementary school.","From my perspective, critical thinking and ai literacy should start in elementar...",C7,"From my perspective, critical thinking and ai literacy shoul...",10
9,P12bcacb9,We must consider that focus on interdisciplinary skills connecting technology with humanities.,We must consider that focus on interdisciplinary skills connecting technology wi...,C3,We must consider that focus on interdisciplinary skills conn...,15
9,P135c59bc,It's crucial that lifelong learning programs as career changes become more frequent.,It's crucial that lifelong learning programs as career changes become more frequ...,C4,"From my perspective, lifelong learning programs as career ch...",14
9,P13b01763,"From my perspective, hands-on coding and ai ethics education for all students.","From my perspective, hands-on coding and ai ethics education for all students.",C2,"From my perspective, hands-on coding and ai ethics education...",17
9,P183fe416,We must consider that lifelong learning programs as career changes become more frequent.,We must consider that lifelong learning programs as career changes become more f...,C4,"From my perspective, lifelong learning programs as career ch...",14
9,P1f737eee,We must consider that lifelong learning programs as career changes become more frequent.,We must consider that lifelong learning programs as career changes become more f...,C4,"From my perspective, lifelong learning programs as career ch...",14
9,P21db03f4,Focus on interdisciplinary skills connecting technology with humanities.,Focus on interdisciplinary skills connecting technology with humanities.,C3,We must consider that focus on interdisciplinary skills conn...,15
9,P2324fc7b,I believe critical thinking and ai literacy should start in elementary school.,I believe critical thinking and ai literacy should start in elementary school.,C7,"From my perspective, critical thinking and ai literacy shoul...",10
9,P2381b85a,We must consider that digital citizenship education including ai's societal impacts.,We must consider that digital citizenship education including ai's societal impa...,C1,Digital citizenship education including AI's societal impact...,20
9,P246cc61f,I believe lifelong learning programs as career changes become more frequent.,I believe lifelong learning programs as career changes become more frequent.,C4,"From my perspective, lifelong learning programs as career ch...",14
9,P296e49c2,We must consider that hands-on coding and ai ethics education for all students.,We must consider that hands-on coding and ai ethics education for all students.,C2,"From my perspective, hands-on coding and ai ethics education...",17
9,P322599fb,Teacher training programs to integrate AI tools effectively.,Teacher training programs to integrate AI tools effectively.,C5,"From my perspective, teacher training programs to integrate ...",13
9,P3272202c,I believe teacher training programs to integrate ai tools effectively.,I believe teacher training programs to integrate ai tools effectively.,C5,"From my perspective, teacher training programs to integrate ...",13
9,P32814f77,It's crucial that focus on interdisciplinary skills connecting technology with humanities.,It's crucial that focus on interdisciplinary skills connecting technology with h...,C3,We must consider that focus on interdisciplinary skills conn...,15
9,P33c92c55,We must consider that critical thinking and ai literacy should start in elementary school.,We must consider that critical thinking and ai literacy should start in elementa...,C7,"From my perspective, critical thinking and ai literacy shoul...",10
9,P37e79c19,Digital citizenship education including AI's societal impacts.,Digital citizenship education including AI's societal impacts.,C1,Digital citizenship education including AI's societal impact...,20
9,P39b8ee3e,We must consider that curriculum should emphasize creativity and emotional intelligence.,We must consider that curriculum should emphasize creativity and emotional intel...,C6,We must consider that curriculum should emphasize creativity...,11
9,P3d508b19,"From my perspective, curriculum should emphasize creativity and emotional intelligence.","From my perspective, curriculum should emphasize creativity and emotional intell...",C6,We must consider that curriculum should emphasize creativity...,11
9,P42ae8d81,"From my perspective, critical thinking and ai literacy should start in elementary school.","From my perspective, critical thinking and ai literacy should start in elementar...",C7,"From my perspective, critical thinking and ai literacy shoul...",10
9,P439843c7,"From my perspective, lifelong learning programs as career changes become more frequent.","From my perspective, lifelong learning programs as career changes become more fr...",C4,"From my perspective, lifelong learning programs as career ch...",14
9,P45ebecd9,We must consider that teacher training programs to integrate ai tools effectively.,We must consider that teacher training programs to integrate ai tools effectivel...,C5,"From my perspective, teacher training programs to integrate ...",13
9,P475b51fb,I believe teacher training programs to integrate ai tools effectively.,I believe teacher training programs to integrate ai tools effectively.,C5,"From my perspective, teacher training programs to integrate ...",13
9,P4e364102,"From my perspective, digital citizenship education including ai's societal impacts.","From my perspective, digital citizenship education including ai's societal impac...",C1,Digital citizenship education including AI's societal impact...,20
9,P5020088e,It's crucial that hands-on coding and ai ethics education for all students.,It's crucial that hands-on coding and ai ethics education for all students.,C2,"From my perspective, hands-on coding and ai ethics education...",17
9,P55221ec9,"From my perspective, hands-on coding and ai ethics education for all students.","From my perspective, hands-on coding and ai ethics education for all students.",C2,"From my perspective, hands-on coding and ai ethics education...",17
9,P5764ed1b,Hands-on coding and AI ethics education for all students.,Hands-on coding and AI ethics education for all students.,C2,"From my perspective, hands-on coding and ai ethics education...",17
9,P578a7959,Lifelong learning programs as career changes become more frequent.,Lifelong learning programs as career changes become more frequent.,C4,"From my perspective, lifelong learning programs as career ch...",14
9,P57ab0079,I believe lifelong learning programs as career changes become more frequent.,I believe lifelong learning programs as career changes become more frequent.,C4,"From my perspective, lifelong learning programs as career ch...",14
9,P589f7387,It's crucial that hands-on coding and ai ethics education for all students.,It's crucial that hands-on coding and ai ethics education for all students.,C2,"From my perspective, hands-on coding and ai ethics education...",17
9,P5a85e1f6,I believe focus on interdisciplinary skills connecting technology with humanities.,I believe focus on interdisciplinary skills connecting technology with humanitie...,C3,We must consider that focus on interdisciplinary skills conn...,15
9,P5e120e50,It's crucial that focus on interdisciplinary skills connecting technology with humanities.,It's crucial that focus on interdisciplinary skills connecting technology with h...,C3,We must consider that focus on interdisciplinary skills conn...,15
9,P5ed16fbc,Critical thinking and AI literacy should start in elementary school.,Critical thinking and AI literacy should start in elementary school.,C7,"From my perspective, critical thinking and ai literacy shoul...",10
9,P60e852d4,Curriculum should emphasize creativity and emotional intelligence.,Curriculum should emphasize creativity and emotional intelligence.,C6,We must consider that curriculum should emphasize creativity...,11
9,P63cfcea6,It's crucial that digital citizenship education including ai's societal impacts.,It's crucial that digital citizenship education including ai's societal impacts.,C1,Digital citizenship education including AI's societal impact...,20
9,P667a66c5,We must consider that focus on interdisciplinary skills connecting technology with humanities.,We must consider that focus on interdisciplinary skills connecting technology wi...,C3,We must consider that focus on interdisciplinary skills conn...,15
9,P6776c919,"From my perspective, critical thinking and ai literacy should start in elementary school.","From my perspective, critical thinking and ai literacy should start in elementar...",C7,"From my perspective, critical thinking and ai literacy shoul...",10
9,P694dc0cd,I believe digital citizenship education including ai's societal impacts.,I believe digital citizenship education including ai's societal impacts.,C1,Digital citizenship education including AI's societal impact...,20
9,P6b866ec0,It's crucial that hands-on coding and ai ethics education for all students.,It's crucial that hands-on coding and ai ethics education for all students.,C2,"From my perspective, hands-on coding and ai ethics education...",17
9,P70f4e5f9,I believe focus on interdisciplinary skills connecting technology with humanities.,I believe focus on interdisciplinary skills connecting technology with humanitie...,C3,We must consider that focus on interdisciplinary skills conn...,15
9,P71bb05ec,Digital citizenship education including AI's societal impacts.,Digital citizenship education including AI's societal impacts.,C1,Digital citizenship education including AI's societal impact...,20
9,P72e25bfe,"From my perspective, focus on interdisciplinary skills connecting technology with humanities.","From my perspective, focus on interdisciplinary skills connecting technology wit...",C3,We must consider that focus on interdisciplinary skills conn...,15
9,P77fe9f73,"From my perspective, lifelong learning programs as career changes become more frequent.","From my perspective, lifelong learning programs as career changes become more fr...",C4,"From my perspective, lifelong learning programs as career ch...",14
9,P7cf4c70d,It's crucial that curriculum should emphasize creativity and emotional intelligence.,It's crucial that curriculum should emphasize creativity and emotional intellige...,C6,We must consider that curriculum should emphasize creativity...,11
9,P821be496,Hands-on coding and AI ethics education for all students.,Hands-on coding and AI ethics education for all students.,C2,"From my perspective, hands-on coding and ai ethics education...",17
9,P83e9d6d1,We must consider that digital citizenship education including ai's societal impacts.,We must consider that digital citizenship education including ai's societal impa...,C1,Digital citizenship education including AI's societal impact...,20
9,P8438eb45,We must consider that critical thinking and ai literacy should start in elementary school.,We must consider that critical thinking and ai literacy should start in elementa...,C7,"From my perspective, critical thinking and ai literacy shoul...",10
9,P8872bcc4,I believe digital citizenship education including ai's societal impacts.,I believe digital citizenship education including ai's societal impacts.,C1,Digital citizenship education including AI's societal impact...,20
9,P8a48b733,We must consider that digital citizenship education including ai's societal impacts.,We must consider that digital citizenship education including ai's societal impa...,C1,Digital citizenship education including AI's societal impact...,20
9,P8bd4adb0,We must consider that focus on interdisciplinary skills connecting technology with humanities.,We must consider that focus on interdisciplinary skills connecting technology wi...,C3,We must consider that focus on interdisciplinary skills conn...,15
9,P8ef64442,"From my perspective, digital citizenship education including ai's societal impacts.","From my perspective, digital citizenship education including ai's societal impac...",C1,Digital citizenship education including AI's societal impact...,20
9,P91d048ed,It's crucial that hands-on coding and ai ethics education for all students.,It's crucial that hands-on coding and ai ethics education for all students.,C2,"From my perspective, hands-on coding and ai ethics education...",17
9,P9491c569,We must consider that curriculum should emphasize creativity and emotional intelligence.,We must consider that curriculum should emphasize creativity and emotional intel...,C6,We must consider that curriculum should emphasize creativity...,11
9,P9a076f12,We must consider that curriculum should emphasize creativity and emotional intelligence.,We must consider that curriculum should emphasize creativity and emotional intel...,C6,We must consider that curriculum should emphasize creativity...,11
9,P9dfd0389,We must consider that digital citizenship education including ai's societal impacts.,We must consider that digital citizenship education including ai's societal impa...,C1,Digital citizenship education including AI's societal impact...,20
9,P9f56cc8b,We must consider that digital citizenship education including ai's societal impacts.,We must consider that digital citizenship education including ai's societal impa...,C1,Digital citizenship education including AI's societal impact...,20
9,Pa06225b8,"From my perspective, focus on interdisciplinary skills connecting technology with humanities.","From my perspective, focus on interdisciplinary skills connecting technology wit...",C3,We must consider that focus on interdisciplinary skills conn...,15
9,Pa272d82c,"From my perspective, teacher training programs to integrate ai tools effectively.","From my perspective, teacher training programs to integrate ai tools effectively...",C5,"From my perspective, teacher training programs to integrate ...",13
9,Pa61b32d9,Lifelong learning programs as career changes become more frequent.,Lifelong learning programs as career changes become more frequent.,C4,"From my perspective, lifelong learning programs as career ch...",14
9,Pa893e684,Lifelong learning programs as career changes become more frequent.,Lifelong learning programs as career changes become more frequent.,C4,"From my perspective, lifelong learning programs as career ch...",14
9,Pabd011f9,We must consider that focus on interdisciplinary skills connecting technology with humanities.,We must consider that focus on interdisciplinary skills connecting technology wi...,C3,We must consider that focus on interdisciplinary skills conn...,15
9,Pb0ae6c81,We must consider that focus on interdisciplinary skills connecting technology with humanities.,We must consider that focus on interdisciplinary skills connecting technology wi...,C3,We must consider that focus on interdisciplinary skills conn...,15
9,Pb2ab2d79,"From my perspective, teacher training programs to integrate ai tools effectively.","From my perspective, teacher training programs to integrate ai tools effectively...",C5,"From my perspective, teacher training programs to integrate ...",13
9,Pb31753dd,We must consider that lifelong learning programs as career changes become more frequent.,We must consider that lifelong learning programs as career changes become more f...,C4,"From my perspective, lifelong learning programs as career ch...",14
9,Pb4d8b678,We must consider that curriculum should emphasize creativity and emotional intelligence.,We must consider that curriculum should emphasize creativity and emotional intel...,C6,We must consider that curriculum should emphasize creativity...,11
9,Pb9ddb511,It's crucial that teacher training programs to integrate ai tools effectively.,It's crucial that teacher training programs to integrate ai tools effectively.,C5,"From my perspective, teacher training programs to integrate ...",13
9,Pba0d1e32,"From my perspective, digital citizenship education including ai's societal impacts.","From my perspective, digital citizenship education including ai's societal impac...",C1,Digital citizenship education including AI's societal impact...,20
9,Pbcc576d8,Curriculum should emphasize creativity and emotional intelligence.,Curriculum should emphasize creativity and emotional intelligence.,C6,We must consider that curriculum should emphasize creativity...,11
9,Pc40c86ef,"From my perspective, hands-on coding and ai ethics education for all students.","From my perspective, hands-on coding and ai ethics education for all students.",C2,"From my perspective, hands-on coding and ai ethics education...",17
9,Pc5227372,It's crucial that focus on interdisciplinary skills connecting technology with humanities.,It's crucial that focus on interdisciplinary skills connecting technology with h...,C3,We must consider that focus on interdisciplinary skills conn...,15
9,Pc554f688,I believe curriculum should emphasize creativity and emotional intelligence.,I believe curriculum should emphasize creativity and emotional intelligence.,C6,We must consider that curriculum should emphasize creativity...,11
9,Pc7dbe664,We must consider that hands-on coding and ai ethics education for all students.,We must consider that hands-on coding and ai ethics education for all students.,C2,"From my perspective, hands-on coding and ai ethics education...",17
9,Pc882885b,We must consider that curriculum should emphasize creativity and emotional intelligence.,We must consider that curriculum should emphasize creativity and emotional intel...,C6,We must consider that curriculum should emphasize creativity...,11
9,Pc891a0ee,It's crucial that lifelong learning programs as career changes become more frequent.,It's crucial that lifelong learning programs as career changes become more frequ...,C4,"From my perspective, lifelong learning programs as career ch...",14
9,Pcbeb4d3a,Teacher training programs to integrate AI tools effectively.,Teacher training programs to integrate AI tools effectively.,C5,"From my perspective, teacher training programs to integrate ...",13
9,Pcd0c9ac9,It's crucial that digital citizenship education including ai's societal impacts.,It's crucial that digital citizenship education including ai's societal impacts.,C1,Digital citizenship education including AI's societal impact...,20
9,Pd55ec1e7,"From my perspective, hands-on coding and ai ethics education for all students.","From my perspective, hands-on coding and ai ethics education for all students.",C2,"From my perspective, hands-on coding and ai ethics education...",17
9,Pd5e7a821,Critical thinking and AI literacy should start in elementary school.,Critical thinking and AI literacy should start in elementary school.,C7,"From my perspective, critical thinking and ai literacy shoul...",10
9,Pdbec22ad,We must consider that focus on interdisciplinary skills connecting technology with humanities.,We must consider that focus on interdisciplinary skills connecting technology wi...,C3,We must consider that focus on interdisciplinary skills conn...,15
9,Pdc6aff73,Hands-on coding and AI ethics education for all students.,Hands-on coding and AI ethics education for all students.,C2,"From my perspective, hands-on coding and ai ethics education...",17
9,Pdca9c427,I believe critical thinking and ai literacy should start in elementary school.,I believe critical thinking and ai literacy should start in elementary school.,C7,"From my perspective, critical thinking and ai literacy shoul...",10
9,Pe18fbd36,Hands-on coding and AI ethics education for all students.,Hands-on coding and AI ethics education for all students.,C2,"From my perspective, hands-on coding and ai ethics education...",17
9,Pe27269d9,"From my perspective, teacher training programs to integrate ai tools effectively.","From my perspective, teacher training programs to integrate ai tools effectively...",C5,"From my perspective, teacher training programs to integrate ...",13
9,Pe3a4bdcf,It's crucial that focus on interdisciplinary skills connecting technology with humanities.,It's crucial that focus on interdisciplinary skills connecting technology with h...,C3,We must consider that focus on interdisciplinary skills conn...,15
9,Pe8c47516,"From my perspective, digital citizenship education including ai's societal impacts.","From my perspective, digital citizenship education including ai's societal impac...",C1,Digital citizenship education including AI's societal impact...,20
9,Pea995f7b,We must consider that hands-on coding and ai ethics education for all students.,We must consider that hands-on coding and ai ethics education for all students.,C2,"From my perspective, hands-on coding and ai ethics education...",17
9,Pf13ae6db,Digital citizenship education including AI's societal impacts.,Digital citizenship education including AI's societal impacts.,C1,Digital citizenship education including AI's societal impact...,20
9,Pf14f674e,"From my perspective, hands-on coding and ai ethics education for all students.","From my perspective, hands-on coding and ai ethics education for all students.",C2,"From my perspective, hands-on coding and ai ethics education...",17
9,Pf179e4f4,It's crucial that hands-on coding and ai ethics education for all students.,It's crucial that hands-on coding and ai ethics education for all students.,C2,"From my perspective, hands-on coding and ai ethics education...",17
9,Pf5228fa2,It's crucial that teacher training programs to integrate ai tools effectively.,It's crucial that teacher training programs to integrate ai tools effectively.,C5,"From my perspective, teacher training programs to integrate ...",13
9,Pf5fb26ab,It's crucial that teacher training programs to integrate ai tools effectively.,It's crucial that teacher training programs to integrate ai tools effectively.,C5,"From my perspective, teacher training programs to integrate ...",13
9,Pf64a95b9,I believe teacher training programs to integrate ai tools effectively.,I believe teacher training programs to integrate ai tools effectively.,C5,"From my perspective, teacher training programs to integrate ...",13
9,Pfae07990,Digital citizenship education including AI's societal impacts.,Digital citizenship education including AI's societal impacts.,C1,Digital citizenship education including AI's societal impact...,20
9,Pfd6a013e,I believe lifelong learning programs as career changes become more frequent.,I believe lifelong learning programs as career changes become more frequent.,C4,"From my perspective, lifelong learning programs as career ch...",14
5,P002db135,I believe diverse teams building ai are essential to identify hidden biases.,I believe diverse teams building ai are essential to identify hidden biases.,C6,"From my perspective, diverse teams building ai are essential...",12
5,P044ecf5c,It's crucial that legal frameworks treating algorithmic discrimination like human discrimination.,It's crucial that legal frameworks treating algorithmic discrimination like huma...,C3,"From my perspective, legal frameworks treating algorithmic d...",16
5,P06330240,We must consider that legal frameworks treating algorithmic discrimination like human discrimination...,We must consider that legal frameworks treating algorithmic discrimination like ...,C3,"From my perspective, legal frameworks treating algorithmic d...",16
5,P0ab6ce41,"From my perspective, representative training data that reflects human diversity.","From my perspective, representative training data that reflects human diversity.",C4,Representative training data that reflects human diversity.,14
5,P0d87a908,We must consider that diverse teams building ai are essential to identify hidden biases.,We must consider that diverse teams building ai are essential to identify hidden...,C6,"From my perspective, diverse teams building ai are essential...",12
5,P0f32ae92,We must consider that community involvement in ai development affecting their lives.,We must consider that community involvement in ai development affecting their li...,C5,We must consider that community involvement in ai developmen...,13
5,P0f5473a7,"From my perspective, clear accountability when ai systems produce biased results.","From my perspective, clear accountability when ai systems produce biased results...",C1,"From my perspective, clear accountability when ai systems pr...",18
5,P119504ae,We must consider that clear accountability when ai systems produce biased results.,We must consider that clear accountability when ai systems produce biased result...,C1,"From my perspective, clear accountability when ai systems pr...",18
5,P12bcacb9,It's crucial that clear accountability when ai systems produce biased results.,It's crucial that clear accountability when ai systems produce biased results.,C1,"From my perspective, clear accountability when ai systems pr...",18
5,P135c59bc,Regular audits of AI systems for discriminatory outcomes.,Regular audits of AI systems for discriminatory outcomes.,C7,Regular audits of AI systems for discriminatory outcomes.,9
5,P13b01763,"From my perspective, legal frameworks treating algorithmic discrimination like human discrimination.","From my perspective, legal frameworks treating algorithmic discrimination like h...",C3,"From my perspective, legal frameworks treating algorithmic d...",16
5,P183fe416,I believe diverse teams building ai are essential to identify hidden biases.,I believe diverse teams building ai are essential to identify hidden biases.,C6,"From my perspective, diverse teams building ai are essential...",12
5,P1f737eee,It's crucial that public reporting requirements for fairness metrics.,It's crucial that public reporting requirements for fairness metrics.,C2,We must consider that public reporting requirements for fair...,18
5,P21db03f4,"From my perspective, diverse teams building ai are essential to identify hidden biases.","From my perspective, diverse teams building ai are essential to identify hidden ...",C6,"From my perspective, diverse teams building ai are essential...",12
5,P2324fc7b,"From my perspective, diverse teams building ai are essential to identify hidden biases.","From my perspective, diverse teams building ai are essential to identify hidden ...",C6,"From my perspective, diverse teams building ai are essential...",12
5,P2381b85a,We must consider that representative training data that reflects human diversity.,We must consider that representative training data that reflects human diversity...,C4,Representative training data that reflects human diversity.,14
5,P246cc61f,I believe public reporting requirements for fairness metrics.,I believe public reporting requirements for fairness metrics.,C2,We must consider that public reporting requirements for fair...,18
5,P296e49c2,"From my perspective, clear accountability when ai systems produce biased results.","From my perspective, clear accountability when ai systems produce biased results...",C1,"From my perspective, clear accountability when ai systems pr...",18
5,P322599fb,I believe legal frameworks treating algorithmic discrimination like human discrimination.,I believe legal frameworks treating algorithmic discrimination like human discri...,C3,"From my perspective, legal frameworks treating algorithmic d...",16
5,P3272202c,"From my perspective, community involvement in ai development affecting their lives.","From my perspective, community involvement in ai development affecting their liv...",C5,We must consider that community involvement in ai developmen...,13
5,P32814f77,"From my perspective, clear accountability when ai systems produce biased results.","From my perspective, clear accountability when ai systems produce biased results...",C1,"From my perspective, clear accountability when ai systems pr...",18
5,P33c92c55,"From my perspective, public reporting requirements for fairness metrics.","From my perspective, public reporting requirements for fairness metrics.",C2,We must consider that public reporting requirements for fair...,18
5,P37e79c19,It's crucial that representative training data that reflects human diversity.,It's crucial that representative training data that reflects human diversity.,C4,Representative training data that reflects human diversity.,14
5,P39b8ee3e,We must consider that clear accountability when ai systems produce biased results.,We must consider that clear accountability when ai systems produce biased result...,C1,"From my perspective, clear accountability when ai systems pr...",18
5,P3d508b19,It's crucial that diverse teams building ai are essential to identify hidden biases.,It's crucial that diverse teams building ai are essential to identify hidden bia...,C6,"From my perspective, diverse teams building ai are essential...",12
5,P42ae8d81,Representative training data that reflects human diversity.,Representative training data that reflects human diversity.,C4,Representative training data that reflects human diversity.,14
5,P439843c7,It's crucial that regular audits of ai systems for discriminatory outcomes.,It's crucial that regular audits of ai systems for discriminatory outcomes.,C7,Regular audits of AI systems for discriminatory outcomes.,9
5,P45ebecd9,"From my perspective, clear accountability when ai systems produce biased results.","From my perspective, clear accountability when ai systems produce biased results...",C1,"From my perspective, clear accountability when ai systems pr...",18
5,P475b51fb,Public reporting requirements for fairness metrics.,Public reporting requirements for fairness metrics.,C2,We must consider that public reporting requirements for fair...,18
5,P4e364102,We must consider that public reporting requirements for fairness metrics.,We must consider that public reporting requirements for fairness metrics.,C2,We must consider that public reporting requirements for fair...,18
5,P5020088e,Community involvement in AI development affecting their lives.,Community involvement in AI development affecting their lives.,C5,We must consider that community involvement in ai developmen...,13
5,P55221ec9,We must consider that diverse teams building ai are essential to identify hidden biases.,We must consider that diverse teams building ai are essential to identify hidden...,C6,"From my perspective, diverse teams building ai are essential...",12
5,P5764ed1b,"From my perspective, clear accountability when ai systems produce biased results.","From my perspective, clear accountability when ai systems produce biased results...",C1,"From my perspective, clear accountability when ai systems pr...",18
5,P578a7959,We must consider that community involvement in ai development affecting their lives.,We must consider that community involvement in ai development affecting their li...,C5,We must consider that community involvement in ai developmen...,13
5,P57ab0079,We must consider that public reporting requirements for fairness metrics.,We must consider that public reporting requirements for fairness metrics.,C2,We must consider that public reporting requirements for fair...,18
5,P589f7387,"From my perspective, representative training data that reflects human diversity.","From my perspective, representative training data that reflects human diversity.",C4,Representative training data that reflects human diversity.,14
5,P5a85e1f6,"From my perspective, diverse teams building ai are essential to identify hidden biases.","From my perspective, diverse teams building ai are essential to identify hidden ...",C6,"From my perspective, diverse teams building ai are essential...",12
5,P5e120e50,Representative training data that reflects human diversity.,Representative training data that reflects human diversity.,C4,Representative training data that reflects human diversity.,14
5,P5ed16fbc,It's crucial that legal frameworks treating algorithmic discrimination like human discrimination.,It's crucial that legal frameworks treating algorithmic discrimination like huma...,C3,"From my perspective, legal frameworks treating algorithmic d...",16
5,P60e852d4,It's crucial that public reporting requirements for fairness metrics.,It's crucial that public reporting requirements for fairness metrics.,C2,We must consider that public reporting requirements for fair...,18
5,P63cfcea6,"From my perspective, clear accountability when ai systems produce biased results.","From my perspective, clear accountability when ai systems produce biased results...",C1,"From my perspective, clear accountability when ai systems pr...",18
5,P667a66c5,Legal frameworks treating algorithmic discrimination like human discrimination.,Legal frameworks treating algorithmic discrimination like human discrimination.,C3,"From my perspective, legal frameworks treating algorithmic d...",16
5,P6776c919,"From my perspective, clear accountability when ai systems produce biased results.","From my perspective, clear accountability when ai systems produce biased results...",C1,"From my perspective, clear accountability when ai systems pr...",18
5,P694dc0cd,It's crucial that community involvement in ai development affecting their lives.,It's crucial that community involvement in ai development affecting their lives.,C5,We must consider that community involvement in ai developmen...,13
5,P6b866ec0,It's crucial that clear accountability when ai systems produce biased results.,It's crucial that clear accountability when ai systems produce biased results.,C1,"From my perspective, clear accountability when ai systems pr...",18
5,P70f4e5f9,It's crucial that public reporting requirements for fairness metrics.,It's crucial that public reporting requirements for fairness metrics.,C2,We must consider that public reporting requirements for fair...,18
5,P71bb05ec,It's crucial that public reporting requirements for fairness metrics.,It's crucial that public reporting requirements for fairness metrics.,C2,We must consider that public reporting requirements for fair...,18
5,P72e25bfe,"From my perspective, diverse teams building ai are essential to identify hidden biases.","From my perspective, diverse teams building ai are essential to identify hidden ...",C6,"From my perspective, diverse teams building ai are essential...",12
5,P77fe9f73,We must consider that community involvement in ai development affecting their lives.,We must consider that community involvement in ai development affecting their li...,C5,We must consider that community involvement in ai developmen...,13
5,P7cf4c70d,"From my perspective, public reporting requirements for fairness metrics.","From my perspective, public reporting requirements for fairness metrics.",C2,We must consider that public reporting requirements for fair...,18
5,P821be496,I believe legal frameworks treating algorithmic discrimination like human discrimination.,I believe legal frameworks treating algorithmic discrimination like human discri...,C3,"From my perspective, legal frameworks treating algorithmic d...",16
5,P83e9d6d1,We must consider that representative training data that reflects human diversity.,We must consider that representative training data that reflects human diversity...,C4,Representative training data that reflects human diversity.,14
5,P8438eb45,We must consider that community involvement in ai development affecting their lives.,We must consider that community involvement in ai development affecting their li...,C5,We must consider that community involvement in ai developmen...,13
5,P8872bcc4,Public reporting requirements for fairness metrics.,Public reporting requirements for fairness metrics.,C2,We must consider that public reporting requirements for fair...,18
5,P8a48b733,It's crucial that community involvement in ai development affecting their lives.,It's crucial that community involvement in ai development affecting their lives.,C5,We must consider that community involvement in ai developmen...,13
5,P8bd4adb0,I believe legal frameworks treating algorithmic discrimination like human discrimination.,I believe legal frameworks treating algorithmic discrimination like human discri...,C3,"From my perspective, legal frameworks treating algorithmic d...",16
5,P8ef64442,We must consider that regular audits of ai systems for discriminatory outcomes.,We must consider that regular audits of ai systems for discriminatory outcomes.,C7,Regular audits of AI systems for discriminatory outcomes.,9
5,P91d048ed,We must consider that community involvement in ai development affecting their lives.,We must consider that community involvement in ai development affecting their li...,C5,We must consider that community involvement in ai developmen...,13
5,P9491c569,Diverse teams building AI are essential to identify hidden biases.,Diverse teams building AI are essential to identify hidden biases.,C6,"From my perspective, diverse teams building ai are essential...",12
5,P9a076f12,We must consider that public reporting requirements for fairness metrics.,We must consider that public reporting requirements for fairness metrics.,C2,We must consider that public reporting requirements for fair...,18
5,P9dfd0389,I believe representative training data that reflects human diversity.,I believe representative training data that reflects human diversity.,C4,Representative training data that reflects human diversity.,14
5,P9f56cc8b,Representative training data that reflects human diversity.,Representative training data that reflects human diversity.,C4,Representative training data that reflects human diversity.,14
5,Pa06225b8,Community involvement in AI development affecting their lives.,Community involvement in AI development affecting their lives.,C5,We must consider that community involvement in ai developmen...,13
5,Pa272d82c,Representative training data that reflects human diversity.,Representative training data that reflects human diversity.,C4,Representative training data that reflects human diversity.,14
5,Pa61b32d9,It's crucial that legal frameworks treating algorithmic discrimination like human discrimination.,It's crucial that legal frameworks treating algorithmic discrimination like huma...,C3,"From my perspective, legal frameworks treating algorithmic d...",16
5,Pa893e684,It's crucial that regular audits of ai systems for discriminatory outcomes.,It's crucial that regular audits of ai systems for discriminatory outcomes.,C7,Regular audits of AI systems for discriminatory outcomes.,9
5,Pabd011f9,I believe representative training data that reflects human diversity.,I believe representative training data that reflects human diversity.,C4,Representative training data that reflects human diversity.,14
5,Pb0ae6c81,Regular audits of AI systems for discriminatory outcomes.,Regular audits of AI systems for discriminatory outcomes.,C7,Regular audits of AI systems for discriminatory outcomes.,9
5,Pb2ab2d79,"From my perspective, regular audits of ai systems for discriminatory outcomes.","From my perspective, regular audits of ai systems for discriminatory outcomes.",C7,Regular audits of AI systems for discriminatory outcomes.,9
5,Pb31753dd,I believe public reporting requirements for fairness metrics.,I believe public reporting requirements for fairness metrics.,C2,We must consider that public reporting requirements for fair...,18
5,Pb4d8b678,I believe diverse teams building ai are essential to identify hidden biases.,I believe diverse teams building ai are essential to identify hidden biases.,C6,"From my perspective, diverse teams building ai are essential...",12
5,Pb9ddb511,Representative training data that reflects human diversity.,Representative training data that reflects human diversity.,C4,Representative training data that reflects human diversity.,14
5,Pba0d1e32,"From my perspective, legal frameworks treating algorithmic discrimination like human discrimination.","From my perspective, legal frameworks treating algorithmic discrimination like h...",C3,"From my perspective, legal frameworks treating algorithmic d...",16
5,Pbcc576d8,I believe regular audits of ai systems for discriminatory outcomes.,I believe regular audits of ai systems for discriminatory outcomes.,C7,Regular audits of AI systems for discriminatory outcomes.,9
5,Pc40c86ef,Clear accountability when AI systems produce biased results.,Clear accountability when AI systems produce biased results.,C1,"From my perspective, clear accountability when ai systems pr...",18
5,Pc5227372,It's crucial that community involvement in ai development affecting their lives.,It's crucial that community involvement in ai development affecting their lives.,C5,We must consider that community involvement in ai developmen...,13
5,Pc554f688,Clear accountability when AI systems produce biased results.,Clear accountability when AI systems produce biased results.,C1,"From my perspective, clear accountability when ai systems pr...",18
5,Pc7dbe664,"From my perspective, clear accountability when ai systems produce biased results.","From my perspective, clear accountability when ai systems produce biased results...",C1,"From my perspective, clear accountability when ai systems pr...",18
5,Pc882885b,It's crucial that representative training data that reflects human diversity.,It's crucial that representative training data that reflects human diversity.,C4,Representative training data that reflects human diversity.,14
5,Pc891a0ee,I believe representative training data that reflects human diversity.,I believe representative training data that reflects human diversity.,C4,Representative training data that reflects human diversity.,14
5,Pcbeb4d3a,It's crucial that legal frameworks treating algorithmic discrimination like human discrimination.,It's crucial that legal frameworks treating algorithmic discrimination like huma...,C3,"From my perspective, legal frameworks treating algorithmic d...",16
5,Pcd0c9ac9,"From my perspective, legal frameworks treating algorithmic discrimination like human discrimination.","From my perspective, legal frameworks treating algorithmic discrimination like h...",C3,"From my perspective, legal frameworks treating algorithmic d...",16
5,Pd55ec1e7,We must consider that public reporting requirements for fairness metrics.,We must consider that public reporting requirements for fairness metrics.,C2,We must consider that public reporting requirements for fair...,18
5,Pd5e7a821,It's crucial that public reporting requirements for fairness metrics.,It's crucial that public reporting requirements for fairness metrics.,C2,We must consider that public reporting requirements for fair...,18
5,Pdbec22ad,"From my perspective, legal frameworks treating algorithmic discrimination like human discrimination.","From my perspective, legal frameworks treating algorithmic discrimination like h...",C3,"From my perspective, legal frameworks treating algorithmic d...",16
5,Pdc6aff73,Public reporting requirements for fairness metrics.,Public reporting requirements for fairness metrics.,C2,We must consider that public reporting requirements for fair...,18
5,Pdca9c427,"From my perspective, community involvement in ai development affecting their lives.","From my perspective, community involvement in ai development affecting their liv...",C5,We must consider that community involvement in ai developmen...,13
5,Pe18fbd36,"From my perspective, clear accountability when ai systems produce biased results.","From my perspective, clear accountability when ai systems produce biased results...",C1,"From my perspective, clear accountability when ai systems pr...",18
5,Pe27269d9,"From my perspective, clear accountability when ai systems produce biased results.","From my perspective, clear accountability when ai systems produce biased results...",C1,"From my perspective, clear accountability when ai systems pr...",18
5,Pe3a4bdcf,We must consider that public reporting requirements for fairness metrics.,We must consider that public reporting requirements for fairness metrics.,C2,We must consider that public reporting requirements for fair...,18
5,Pe8c47516,Community involvement in AI development affecting their lives.,Community involvement in AI development affecting their lives.,C5,We must consider that community involvement in ai developmen...,13
5,Pea995f7b,I believe clear accountability when ai systems produce biased results.,I believe clear accountability when ai systems produce biased results.,C1,"From my perspective, clear accountability when ai systems pr...",18
5,Pf13ae6db,"From my perspective, legal frameworks treating algorithmic discrimination like human discrimination.","From my perspective, legal frameworks treating algorithmic discrimination like h...",C3,"From my perspective, legal frameworks treating algorithmic d...",16
5,Pf14f674e,Regular audits of AI systems for discriminatory outcomes.,Regular audits of AI systems for discriminatory outcomes.,C7,Regular audits of AI systems for discriminatory outcomes.,9
5,Pf179e4f4,We must consider that public reporting requirements for fairness metrics.,We must consider that public reporting requirements for fairness metrics.,C2,We must consider that public reporting requirements for fair...,18
5,Pf5228fa2,We must consider that legal frameworks treating algorithmic discrimination like human discrimination...,We must consider that legal frameworks treating algorithmic discrimination like ...,C3,"From my perspective, legal frameworks treating algorithmic d...",16
5,Pf5fb26ab,"From my perspective, diverse teams building ai are essential to identify hidden biases.","From my perspective, diverse teams building ai are essential to identify hidden ...",C6,"From my perspective, diverse teams building ai are essential...",12
5,Pf64a95b9,Regular audits of AI systems for discriminatory outcomes.,Regular audits of AI systems for discriminatory outcomes.,C7,Regular audits of AI systems for discriminatory outcomes.,9
5,Pfae07990,We must consider that clear accountability when ai systems produce biased results.,We must consider that clear accountability when ai systems produce biased result...,C1,"From my perspective, clear accountability when ai systems pr...",18
5,Pfd6a013e,Legal frameworks treating algorithmic discrimination like human discrimination.,Legal frameworks treating algorithmic discrimination like human discrimination.,C3,"From my perspective, legal frameworks treating algorithmic d...",16
1,P002db135,I believe democratic values and human rights must guide ai development globally.,I believe democratic values and human rights must guide ai development globally.,C1,"From my perspective, democratic values and human rights must...",18
1,P044ecf5c,I believe safety and robustness must be tested extensively before deployment.,I believe safety and robustness must be tested extensively before deployment.,C4,"From my perspective, safety and robustness must be tested ex...",14
1,P06330240,"From my perspective, democratic values and human rights must guide ai development globally.","From my perspective, democratic values and human rights must guide ai developmen...",C1,"From my perspective, democratic values and human rights must...",18
1,P0ab6ce41,Privacy protection is essential - AI shouldn't compromise individual data rights.,Privacy protection is essential - AI shouldn't compromise individual data rights...,C3,It's crucial that privacy protection is essential - ai shoul...,15
1,P0d87a908,"From my perspective, privacy protection is essential - ai shouldn't compromise individual data right...","From my perspective, privacy protection is essential - ai shouldn't compromise i...",C3,It's crucial that privacy protection is essential - ai shoul...,15
1,P0f32ae92,Fairness and non-discrimination should be built into AI from the ground up.,Fairness and non-discrimination should be built into AI from the ground up.,C7,Fairness and non-discrimination should be built into AI from...,11
1,P0f5473a7,Fairness and non-discrimination should be built into AI from the ground up.,Fairness and non-discrimination should be built into AI from the ground up.,C7,Fairness and non-discrimination should be built into AI from...,11
1,P119504ae,We must consider that safety and robustness must be tested extensively before deployment.,We must consider that safety and robustness must be tested extensively before de...,C4,"From my perspective, safety and robustness must be tested ex...",14
1,P12bcacb9,I believe fairness and non-discrimination should be built into ai from the ground up.,I believe fairness and non-discrimination should be built into ai from the groun...,C7,Fairness and non-discrimination should be built into AI from...,11
1,P135c59bc,"I believe beneficial intent - ai should genuinely improve human wellbeing, not just profit.","I believe beneficial intent - ai should genuinely improve human wellbeing, not j...",C2,Beneficial intent - AI should genuinely improve human wellbe...,16
1,P13b01763,"From my perspective, democratic values and human rights must guide ai development globally.","From my perspective, democratic values and human rights must guide ai developmen...",C1,"From my perspective, democratic values and human rights must...",18
1,P183fe416,I believe human oversight and accountability should be mandatory for all critical ai systems.,I believe human oversight and accountability should be mandatory for all critica...,C6,It's crucial that human oversight and accountability should ...,13
1,P1f737eee,"From my perspective, beneficial intent - ai should genuinely improve human wellbeing, not just profi...","From my perspective, beneficial intent - ai should genuinely improve human wellb...",C2,Beneficial intent - AI should genuinely improve human wellbe...,16
1,P21db03f4,"From my perspective, safety and robustness must be tested extensively before deployment.","From my perspective, safety and robustness must be tested extensively before dep...",C4,"From my perspective, safety and robustness must be tested ex...",14
1,P2324fc7b,It's crucial that safety and robustness must be tested extensively before deployment.,It's crucial that safety and robustness must be tested extensively before deploy...,C4,"From my perspective, safety and robustness must be tested ex...",14
1,P2381b85a,I believe safety and robustness must be tested extensively before deployment.,I believe safety and robustness must be tested extensively before deployment.,C4,"From my perspective, safety and robustness must be tested ex...",14
1,P246cc61f,I believe privacy protection is essential - ai shouldn't compromise individual data rights.,I believe privacy protection is essential - ai shouldn't compromise individual d...,C3,It's crucial that privacy protection is essential - ai shoul...,15
1,P296e49c2,"From my perspective, transparency must be the foundation - we need to understand how ai makes decisi...","From my perspective, transparency must be the foundation - we need to understand...",C5,"From my perspective, transparency must be the foundation - w...",13
1,P322599fb,Safety and robustness must be tested extensively before deployment.,Safety and robustness must be tested extensively before deployment.,C4,"From my perspective, safety and robustness must be tested ex...",14
1,P3272202c,We must consider that transparency must be the foundation - we need to understand how ai makes decis...,We must consider that transparency must be the foundation - we need to understan...,C5,"From my perspective, transparency must be the foundation - w...",13
1,P32814f77,"We must consider that beneficial intent - ai should genuinely improve human wellbeing, not just prof...",We must consider that beneficial intent - ai should genuinely improve human well...,C2,Beneficial intent - AI should genuinely improve human wellbe...,16
1,P33c92c55,I believe fairness and non-discrimination should be built into ai from the ground up.,I believe fairness and non-discrimination should be built into ai from the groun...,C7,Fairness and non-discrimination should be built into AI from...,11
1,P37e79c19,Privacy protection is essential - AI shouldn't compromise individual data rights.,Privacy protection is essential - AI shouldn't compromise individual data rights...,C3,It's crucial that privacy protection is essential - ai shoul...,15
1,P39b8ee3e,It's crucial that human oversight and accountability should be mandatory for all critical ai systems...,It's crucial that human oversight and accountability should be mandatory for all...,C6,It's crucial that human oversight and accountability should ...,13
1,P3d508b19,It's crucial that democratic values and human rights must guide ai development globally.,It's crucial that democratic values and human rights must guide ai development g...,C1,"From my perspective, democratic values and human rights must...",18
1,P42ae8d81,I believe fairness and non-discrimination should be built into ai from the ground up.,I believe fairness and non-discrimination should be built into ai from the groun...,C7,Fairness and non-discrimination should be built into AI from...,11
1,P439843c7,It's crucial that safety and robustness must be tested extensively before deployment.,It's crucial that safety and robustness must be tested extensively before deploy...,C4,"From my perspective, safety and robustness must be tested ex...",14
1,P45ebecd9,"We must consider that beneficial intent - ai should genuinely improve human wellbeing, not just prof...",We must consider that beneficial intent - ai should genuinely improve human well...,C2,Beneficial intent - AI should genuinely improve human wellbe...,16
1,P475b51fb,It's crucial that privacy protection is essential - ai shouldn't compromise individual data rights.,It's crucial that privacy protection is essential - ai shouldn't compromise indi...,C3,It's crucial that privacy protection is essential - ai shoul...,15
1,P4e364102,Democratic values and human rights must guide AI development globally.,Democratic values and human rights must guide AI development globally.,C1,"From my perspective, democratic values and human rights must...",18
1,P5020088e,It's crucial that democratic values and human rights must guide ai development globally.,It's crucial that democratic values and human rights must guide ai development g...,C1,"From my perspective, democratic values and human rights must...",18
1,P55221ec9,Privacy protection is essential - AI shouldn't compromise individual data rights.,Privacy protection is essential - AI shouldn't compromise individual data rights...,C3,It's crucial that privacy protection is essential - ai shoul...,15
1,P5764ed1b,"I believe beneficial intent - ai should genuinely improve human wellbeing, not just profit.","I believe beneficial intent - ai should genuinely improve human wellbeing, not j...",C2,Beneficial intent - AI should genuinely improve human wellbe...,16
1,P578a7959,"From my perspective, safety and robustness must be tested extensively before deployment.","From my perspective, safety and robustness must be tested extensively before dep...",C4,"From my perspective, safety and robustness must be tested ex...",14
1,P57ab0079,"From my perspective, democratic values and human rights must guide ai development globally.","From my perspective, democratic values and human rights must guide ai developmen...",C1,"From my perspective, democratic values and human rights must...",18
1,P589f7387,"I believe beneficial intent - ai should genuinely improve human wellbeing, not just profit.","I believe beneficial intent - ai should genuinely improve human wellbeing, not j...",C2,Beneficial intent - AI should genuinely improve human wellbe...,16
1,P5a85e1f6,It's crucial that transparency must be the foundation - we need to understand how ai makes decisions...,It's crucial that transparency must be the foundation - we need to understand ho...,C5,"From my perspective, transparency must be the foundation - w...",13
1,P5e120e50,"From my perspective, transparency must be the foundation - we need to understand how ai makes decisi...","From my perspective, transparency must be the foundation - we need to understand...",C5,"From my perspective, transparency must be the foundation - w...",13
1,P5ed16fbc,It's crucial that transparency must be the foundation - we need to understand how ai makes decisions...,It's crucial that transparency must be the foundation - we need to understand ho...,C5,"From my perspective, transparency must be the foundation - w...",13
1,P60e852d4,We must consider that democratic values and human rights must guide ai development globally.,We must consider that democratic values and human rights must guide ai developme...,C1,"From my perspective, democratic values and human rights must...",18
1,P63cfcea6,Fairness and non-discrimination should be built into AI from the ground up.,Fairness and non-discrimination should be built into AI from the ground up.,C7,Fairness and non-discrimination should be built into AI from...,11
1,P667a66c5,I believe democratic values and human rights must guide ai development globally.,I believe democratic values and human rights must guide ai development globally.,C1,"From my perspective, democratic values and human rights must...",18
1,P6776c919,Safety and robustness must be tested extensively before deployment.,Safety and robustness must be tested extensively before deployment.,C4,"From my perspective, safety and robustness must be tested ex...",14
1,P694dc0cd,"I believe beneficial intent - ai should genuinely improve human wellbeing, not just profit.","I believe beneficial intent - ai should genuinely improve human wellbeing, not j...",C2,Beneficial intent - AI should genuinely improve human wellbe...,16
1,P6b866ec0,It's crucial that democratic values and human rights must guide ai development globally.,It's crucial that democratic values and human rights must guide ai development g...,C1,"From my perspective, democratic values and human rights must...",18
1,P70f4e5f9,It's crucial that privacy protection is essential - ai shouldn't compromise individual data rights.,It's crucial that privacy protection is essential - ai shouldn't compromise indi...,C3,It's crucial that privacy protection is essential - ai shoul...,15
1,P71bb05ec,It's crucial that transparency must be the foundation - we need to understand how ai makes decisions...,It's crucial that transparency must be the foundation - we need to understand ho...,C5,"From my perspective, transparency must be the foundation - w...",13
1,P72e25bfe,"Beneficial intent - AI should genuinely improve human wellbeing, not just profit.","Beneficial intent - AI should genuinely improve human wellbeing, not just profit...",C2,Beneficial intent - AI should genuinely improve human wellbe...,16
1,P77fe9f73,We must consider that transparency must be the foundation - we need to understand how ai makes decis...,We must consider that transparency must be the foundation - we need to understan...,C5,"From my perspective, transparency must be the foundation - w...",13
1,P7cf4c70d,It's crucial that human oversight and accountability should be mandatory for all critical ai systems...,It's crucial that human oversight and accountability should be mandatory for all...,C6,It's crucial that human oversight and accountability should ...,13
1,P821be496,I believe privacy protection is essential - ai shouldn't compromise individual data rights.,I believe privacy protection is essential - ai shouldn't compromise individual d...,C3,It's crucial that privacy protection is essential - ai shoul...,15
1,P83e9d6d1,We must consider that transparency must be the foundation - we need to understand how ai makes decis...,We must consider that transparency must be the foundation - we need to understan...,C5,"From my perspective, transparency must be the foundation - w...",13
1,P8438eb45,It's crucial that human oversight and accountability should be mandatory for all critical ai systems...,It's crucial that human oversight and accountability should be mandatory for all...,C6,It's crucial that human oversight and accountability should ...,13
1,P8872bcc4,Democratic values and human rights must guide AI development globally.,Democratic values and human rights must guide AI development globally.,C1,"From my perspective, democratic values and human rights must...",18
1,P8a48b733,"From my perspective, beneficial intent - ai should genuinely improve human wellbeing, not just profi...","From my perspective, beneficial intent - ai should genuinely improve human wellb...",C2,Beneficial intent - AI should genuinely improve human wellbe...,16
1,P8bd4adb0,"From my perspective, transparency must be the foundation - we need to understand how ai makes decisi...","From my perspective, transparency must be the foundation - we need to understand...",C5,"From my perspective, transparency must be the foundation - w...",13
1,P8ef64442,"From my perspective, transparency must be the foundation - we need to understand how ai makes decisi...","From my perspective, transparency must be the foundation - we need to understand...",C5,"From my perspective, transparency must be the foundation - w...",13
1,P91d048ed,"I believe beneficial intent - ai should genuinely improve human wellbeing, not just profit.","I believe beneficial intent - ai should genuinely improve human wellbeing, not j...",C2,Beneficial intent - AI should genuinely improve human wellbe...,16
1,P9491c569,Democratic values and human rights must guide AI development globally.,Democratic values and human rights must guide AI development globally.,C1,"From my perspective, democratic values and human rights must...",18
1,P9a076f12,We must consider that human oversight and accountability should be mandatory for all critical ai sys...,We must consider that human oversight and accountability should be mandatory for...,C6,It's crucial that human oversight and accountability should ...,13
1,P9dfd0389,We must consider that safety and robustness must be tested extensively before deployment.,We must consider that safety and robustness must be tested extensively before de...,C4,"From my perspective, safety and robustness must be tested ex...",14
1,P9f56cc8b,We must consider that fairness and non-discrimination should be built into ai from the ground up.,We must consider that fairness and non-discrimination should be built into ai fr...,C7,Fairness and non-discrimination should be built into AI from...,11
1,Pa06225b8,We must consider that democratic values and human rights must guide ai development globally.,We must consider that democratic values and human rights must guide ai developme...,C1,"From my perspective, democratic values and human rights must...",18
1,Pa272d82c,We must consider that safety and robustness must be tested extensively before deployment.,We must consider that safety and robustness must be tested extensively before de...,C4,"From my perspective, safety and robustness must be tested ex...",14
1,Pa61b32d9,"From my perspective, safety and robustness must be tested extensively before deployment.","From my perspective, safety and robustness must be tested extensively before dep...",C4,"From my perspective, safety and robustness must be tested ex...",14
1,Pa893e684,"Beneficial intent - AI should genuinely improve human wellbeing, not just profit.","Beneficial intent - AI should genuinely improve human wellbeing, not just profit...",C2,Beneficial intent - AI should genuinely improve human wellbe...,16
1,Pabd011f9,"From my perspective, human oversight and accountability should be mandatory for all critical ai syst...","From my perspective, human oversight and accountability should be mandatory for ...",C6,It's crucial that human oversight and accountability should ...,13
1,Pb0ae6c81,We must consider that human oversight and accountability should be mandatory for all critical ai sys...,We must consider that human oversight and accountability should be mandatory for...,C6,It's crucial that human oversight and accountability should ...,13
1,Pb2ab2d79,"From my perspective, privacy protection is essential - ai shouldn't compromise individual data right...","From my perspective, privacy protection is essential - ai shouldn't compromise i...",C3,It's crucial that privacy protection is essential - ai shoul...,15
1,Pb31753dd,It's crucial that democratic values and human rights must guide ai development globally.,It's crucial that democratic values and human rights must guide ai development g...,C1,"From my perspective, democratic values and human rights must...",18
1,Pb4d8b678,"We must consider that beneficial intent - ai should genuinely improve human wellbeing, not just prof...",We must consider that beneficial intent - ai should genuinely improve human well...,C2,Beneficial intent - AI should genuinely improve human wellbe...,16
1,Pb9ddb511,I believe safety and robustness must be tested extensively before deployment.,I believe safety and robustness must be tested extensively before deployment.,C4,"From my perspective, safety and robustness must be tested ex...",14
1,Pba0d1e32,I believe democratic values and human rights must guide ai development globally.,I believe democratic values and human rights must guide ai development globally.,C1,"From my perspective, democratic values and human rights must...",18
1,Pbcc576d8,"We must consider that beneficial intent - ai should genuinely improve human wellbeing, not just prof...",We must consider that beneficial intent - ai should genuinely improve human well...,C2,Beneficial intent - AI should genuinely improve human wellbe...,16
1,Pc40c86ef,It's crucial that privacy protection is essential - ai shouldn't compromise individual data rights.,It's crucial that privacy protection is essential - ai shouldn't compromise indi...,C3,It's crucial that privacy protection is essential - ai shoul...,15
1,Pc5227372,"From my perspective, privacy protection is essential - ai shouldn't compromise individual data right...","From my perspective, privacy protection is essential - ai shouldn't compromise i...",C3,It's crucial that privacy protection is essential - ai shoul...,15
1,Pc554f688,It's crucial that fairness and non-discrimination should be built into ai from the ground up.,It's crucial that fairness and non-discrimination should be built into ai from t...,C7,Fairness and non-discrimination should be built into AI from...,11
1,Pc7dbe664,"From my perspective, democratic values and human rights must guide ai development globally.","From my perspective, democratic values and human rights must guide ai developmen...",C1,"From my perspective, democratic values and human rights must...",18
1,Pc882885b,I believe human oversight and accountability should be mandatory for all critical ai systems.,I believe human oversight and accountability should be mandatory for all critica...,C6,It's crucial that human oversight and accountability should ...,13
1,Pc891a0ee,I believe human oversight and accountability should be mandatory for all critical ai systems.,I believe human oversight and accountability should be mandatory for all critica...,C6,It's crucial that human oversight and accountability should ...,13
1,Pcbeb4d3a,Safety and robustness must be tested extensively before deployment.,Safety and robustness must be tested extensively before deployment.,C4,"From my perspective, safety and robustness must be tested ex...",14
1,Pcd0c9ac9,"From my perspective, human oversight and accountability should be mandatory for all critical ai syst...","From my perspective, human oversight and accountability should be mandatory for ...",C6,It's crucial that human oversight and accountability should ...,13
1,Pd55ec1e7,"From my perspective, human oversight and accountability should be mandatory for all critical ai syst...","From my perspective, human oversight and accountability should be mandatory for ...",C6,It's crucial that human oversight and accountability should ...,13
1,Pd5e7a821,We must consider that fairness and non-discrimination should be built into ai from the ground up.,We must consider that fairness and non-discrimination should be built into ai fr...,C7,Fairness and non-discrimination should be built into AI from...,11
1,Pdbec22ad,"It's crucial that beneficial intent - ai should genuinely improve human wellbeing, not just profit.",It's crucial that beneficial intent - ai should genuinely improve human wellbein...,C2,Beneficial intent - AI should genuinely improve human wellbe...,16
1,Pdc6aff73,It's crucial that privacy protection is essential - ai shouldn't compromise individual data rights.,It's crucial that privacy protection is essential - ai shouldn't compromise indi...,C3,It's crucial that privacy protection is essential - ai shoul...,15
1,Pdca9c427,I believe fairness and non-discrimination should be built into ai from the ground up.,I believe fairness and non-discrimination should be built into ai from the groun...,C7,Fairness and non-discrimination should be built into AI from...,11
1,Pe18fbd36,It's crucial that transparency must be the foundation - we need to understand how ai makes decisions...,It's crucial that transparency must be the foundation - we need to understand ho...,C5,"From my perspective, transparency must be the foundation - w...",13
1,Pe27269d9,"From my perspective, democratic values and human rights must guide ai development globally.","From my perspective, democratic values and human rights must guide ai developmen...",C1,"From my perspective, democratic values and human rights must...",18
1,Pe3a4bdcf,It's crucial that human oversight and accountability should be mandatory for all critical ai systems...,It's crucial that human oversight and accountability should be mandatory for all...,C6,It's crucial that human oversight and accountability should ...,13
1,Pe8c47516,It's crucial that transparency must be the foundation - we need to understand how ai makes decisions...,It's crucial that transparency must be the foundation - we need to understand ho...,C5,"From my perspective, transparency must be the foundation - w...",13
1,Pea995f7b,"From my perspective, transparency must be the foundation - we need to understand how ai makes decisi...","From my perspective, transparency must be the foundation - we need to understand...",C5,"From my perspective, transparency must be the foundation - w...",13
1,Pf13ae6db,It's crucial that privacy protection is essential - ai shouldn't compromise individual data rights.,It's crucial that privacy protection is essential - ai shouldn't compromise indi...,C3,It's crucial that privacy protection is essential - ai shoul...,15
1,Pf14f674e,"We must consider that beneficial intent - ai should genuinely improve human wellbeing, not just prof...",We must consider that beneficial intent - ai should genuinely improve human well...,C2,Beneficial intent - AI should genuinely improve human wellbe...,16
1,Pf179e4f4,It's crucial that human oversight and accountability should be mandatory for all critical ai systems...,It's crucial that human oversight and accountability should be mandatory for all...,C6,It's crucial that human oversight and accountability should ...,13
1,Pf5228fa2,"Beneficial intent - AI should genuinely improve human wellbeing, not just profit.","Beneficial intent - AI should genuinely improve human wellbeing, not just profit...",C2,Beneficial intent - AI should genuinely improve human wellbe...,16
1,Pf5fb26ab,Privacy protection is essential - AI shouldn't compromise individual data rights.,Privacy protection is essential - AI shouldn't compromise individual data rights...,C3,It's crucial that privacy protection is essential - ai shoul...,15
1,Pf64a95b9,It's crucial that privacy protection is essential - ai shouldn't compromise individual data rights.,It's crucial that privacy protection is essential - ai shouldn't compromise indi...,C3,It's crucial that privacy protection is essential - ai shoul...,15
1,Pfae07990,We must consider that fairness and non-discrimination should be built into ai from the ground up.,We must consider that fairness and non-discrimination should be built into ai fr...,C7,Fairness and non-discrimination should be built into AI from...,11
1,Pfd6a013e,Democratic values and human rights must guide AI development globally.,Democratic values and human rights must guide AI development globally.,C1,"From my perspective, democratic values and human rights must...",18
8,P002db135,"From my perspective, address digital divide in internet and computing access first.","From my perspective, address digital divide in internet and computing access fir...",C1,Address digital divide in internet and computing access firs...,23
8,P044ecf5c,"From my perspective, prevent brain drain by supporting ai research in all countries.","From my perspective, prevent brain drain by supporting ai research in all countr...",C2,"From my perspective, prevent brain drain by supporting ai re...",15
8,P06330240,I believe address digital divide in internet and computing access first.,I believe address digital divide in internet and computing access first.,C1,Address digital divide in internet and computing access firs...,23
8,P0ab6ce41,I believe open-source ai tools can democratize access globally.,I believe open-source ai tools can democratize access globally.,C3,"From my perspective, open-source ai tools can democratize ac...",15
8,P0d87a908,It's crucial that prevent brain drain by supporting ai research in all countries.,It's crucial that prevent brain drain by supporting ai research in all countries...,C2,"From my perspective, prevent brain drain by supporting ai re...",15
8,P0f32ae92,International funding for AI infrastructure in underserved regions.,International funding for AI infrastructure in underserved regions.,C6,"From my perspective, international funding for ai infrastruc...",12
8,P0f5473a7,It's crucial that international funding for ai infrastructure in underserved regions.,It's crucial that international funding for ai infrastructure in underserved reg...,C6,"From my perspective, international funding for ai infrastruc...",12
8,P119504ae,I believe address digital divide in internet and computing access first.,I believe address digital divide in internet and computing access first.,C1,Address digital divide in internet and computing access firs...,23
8,P12bcacb9,We must consider that prevent brain drain by supporting ai research in all countries.,We must consider that prevent brain drain by supporting ai research in all count...,C2,"From my perspective, prevent brain drain by supporting ai re...",15
8,P135c59bc,I believe international funding for ai infrastructure in underserved regions.,I believe international funding for ai infrastructure in underserved regions.,C6,"From my perspective, international funding for ai infrastruc...",12
8,P13b01763,Address digital divide in internet and computing access first.,Address digital divide in internet and computing access first.,C1,Address digital divide in internet and computing access firs...,23
8,P183fe416,It's crucial that technology transfer and capacity building in developing nations essential.,It's crucial that technology transfer and capacity building in developing nation...,C5,We must consider that technology transfer and capacity build...,12
8,P1f737eee,Global AI governance should include voices from all nations equally.,Global AI governance should include voices from all nations equally.,C4,We must consider that global ai governance should include vo...,14
8,P21db03f4,"From my perspective, international funding for ai infrastructure in underserved regions.","From my perspective, international funding for ai infrastructure in underserved ...",C6,"From my perspective, international funding for ai infrastruc...",12
8,P2324fc7b,It's crucial that local language and cultural considerations in ai development.,It's crucial that local language and cultural considerations in ai development.,C7,We must consider that local language and cultural considerat...,9
8,P2381b85a,It's crucial that technology transfer and capacity building in developing nations essential.,It's crucial that technology transfer and capacity building in developing nation...,C5,We must consider that technology transfer and capacity build...,12
8,P246cc61f,I believe address digital divide in internet and computing access first.,I believe address digital divide in internet and computing access first.,C1,Address digital divide in internet and computing access firs...,23
8,P296e49c2,We must consider that global ai governance should include voices from all nations equally.,We must consider that global ai governance should include voices from all nation...,C4,We must consider that global ai governance should include vo...,14
8,P322599fb,It's crucial that address digital divide in internet and computing access first.,It's crucial that address digital divide in internet and computing access first.,C1,Address digital divide in internet and computing access firs...,23
8,P3272202c,Address digital divide in internet and computing access first.,Address digital divide in internet and computing access first.,C1,Address digital divide in internet and computing access firs...,23
8,P32814f77,It's crucial that global ai governance should include voices from all nations equally.,It's crucial that global ai governance should include voices from all nations eq...,C4,We must consider that global ai governance should include vo...,14
8,P33c92c55,It's crucial that technology transfer and capacity building in developing nations essential.,It's crucial that technology transfer and capacity building in developing nation...,C5,We must consider that technology transfer and capacity build...,12
8,P37e79c19,"From my perspective, address digital divide in internet and computing access first.","From my perspective, address digital divide in internet and computing access fir...",C1,Address digital divide in internet and computing access firs...,23
8,P39b8ee3e,We must consider that global ai governance should include voices from all nations equally.,We must consider that global ai governance should include voices from all nation...,C4,We must consider that global ai governance should include vo...,14
8,P3d508b19,We must consider that global ai governance should include voices from all nations equally.,We must consider that global ai governance should include voices from all nation...,C4,We must consider that global ai governance should include vo...,14
8,P42ae8d81,We must consider that technology transfer and capacity building in developing nations essential.,We must consider that technology transfer and capacity building in developing na...,C5,We must consider that technology transfer and capacity build...,12
8,P439843c7,I believe prevent brain drain by supporting ai research in all countries.,I believe prevent brain drain by supporting ai research in all countries.,C2,"From my perspective, prevent brain drain by supporting ai re...",15
8,P45ebecd9,It's crucial that open-source ai tools can democratize access globally.,It's crucial that open-source ai tools can democratize access globally.,C3,"From my perspective, open-source ai tools can democratize ac...",15
8,P475b51fb,"From my perspective, address digital divide in internet and computing access first.","From my perspective, address digital divide in internet and computing access fir...",C1,Address digital divide in internet and computing access firs...,23
8,P4e364102,"From my perspective, technology transfer and capacity building in developing nations essential.","From my perspective, technology transfer and capacity building in developing nat...",C5,We must consider that technology transfer and capacity build...,12
8,P5020088e,"From my perspective, address digital divide in internet and computing access first.","From my perspective, address digital divide in internet and computing access fir...",C1,Address digital divide in internet and computing access firs...,23
8,P55221ec9,"From my perspective, open-source ai tools can democratize access globally.","From my perspective, open-source ai tools can democratize access globally.",C3,"From my perspective, open-source ai tools can democratize ac...",15
8,P5764ed1b,It's crucial that global ai governance should include voices from all nations equally.,It's crucial that global ai governance should include voices from all nations eq...,C4,We must consider that global ai governance should include vo...,14
8,P578a7959,Local language and cultural considerations in AI development.,Local language and cultural considerations in AI development.,C7,We must consider that local language and cultural considerat...,9
8,P57ab0079,I believe address digital divide in internet and computing access first.,I believe address digital divide in internet and computing access first.,C1,Address digital divide in internet and computing access firs...,23
8,P589f7387,"From my perspective, open-source ai tools can democratize access globally.","From my perspective, open-source ai tools can democratize access globally.",C3,"From my perspective, open-source ai tools can democratize ac...",15
8,P5a85e1f6,We must consider that technology transfer and capacity building in developing nations essential.,We must consider that technology transfer and capacity building in developing na...,C5,We must consider that technology transfer and capacity build...,12
8,P5e120e50,Open-source AI tools can democratize access globally.,Open-source AI tools can democratize access globally.,C3,"From my perspective, open-source ai tools can democratize ac...",15
8,P5ed16fbc,"From my perspective, international funding for ai infrastructure in underserved regions.","From my perspective, international funding for ai infrastructure in underserved ...",C6,"From my perspective, international funding for ai infrastruc...",12
8,P60e852d4,I believe technology transfer and capacity building in developing nations essential.,I believe technology transfer and capacity building in developing nations essent...,C5,We must consider that technology transfer and capacity build...,12
8,P63cfcea6,"From my perspective, technology transfer and capacity building in developing nations essential.","From my perspective, technology transfer and capacity building in developing nat...",C5,We must consider that technology transfer and capacity build...,12
8,P667a66c5,I believe prevent brain drain by supporting ai research in all countries.,I believe prevent brain drain by supporting ai research in all countries.,C2,"From my perspective, prevent brain drain by supporting ai re...",15
8,P6776c919,It's crucial that local language and cultural considerations in ai development.,It's crucial that local language and cultural considerations in ai development.,C7,We must consider that local language and cultural considerat...,9
8,P694dc0cd,International funding for AI infrastructure in underserved regions.,International funding for AI infrastructure in underserved regions.,C6,"From my perspective, international funding for ai infrastruc...",12
8,P6b866ec0,We must consider that open-source ai tools can democratize access globally.,We must consider that open-source ai tools can democratize access globally.,C3,"From my perspective, open-source ai tools can democratize ac...",15
8,P70f4e5f9,It's crucial that global ai governance should include voices from all nations equally.,It's crucial that global ai governance should include voices from all nations eq...,C4,We must consider that global ai governance should include vo...,14
8,P71bb05ec,I believe international funding for ai infrastructure in underserved regions.,I believe international funding for ai infrastructure in underserved regions.,C6,"From my perspective, international funding for ai infrastruc...",12
8,P72e25bfe,I believe open-source ai tools can democratize access globally.,I believe open-source ai tools can democratize access globally.,C3,"From my perspective, open-source ai tools can democratize ac...",15
8,P77fe9f73,Global AI governance should include voices from all nations equally.,Global AI governance should include voices from all nations equally.,C4,We must consider that global ai governance should include vo...,14
8,P7cf4c70d,"From my perspective, global ai governance should include voices from all nations equally.","From my perspective, global ai governance should include voices from all nations...",C4,We must consider that global ai governance should include vo...,14
8,P821be496,Global AI governance should include voices from all nations equally.,Global AI governance should include voices from all nations equally.,C4,We must consider that global ai governance should include vo...,14
8,P83e9d6d1,It's crucial that address digital divide in internet and computing access first.,It's crucial that address digital divide in internet and computing access first.,C1,Address digital divide in internet and computing access firs...,23
8,P8438eb45,I believe address digital divide in internet and computing access first.,I believe address digital divide in internet and computing access first.,C1,Address digital divide in internet and computing access firs...,23
8,P8872bcc4,We must consider that open-source ai tools can democratize access globally.,We must consider that open-source ai tools can democratize access globally.,C3,"From my perspective, open-source ai tools can democratize ac...",15
8,P8a48b733,We must consider that international funding for ai infrastructure in underserved regions.,We must consider that international funding for ai infrastructure in underserved...,C6,"From my perspective, international funding for ai infrastruc...",12
8,P8bd4adb0,"From my perspective, address digital divide in internet and computing access first.","From my perspective, address digital divide in internet and computing access fir...",C1,Address digital divide in internet and computing access firs...,23
8,P8ef64442,It's crucial that global ai governance should include voices from all nations equally.,It's crucial that global ai governance should include voices from all nations eq...,C4,We must consider that global ai governance should include vo...,14
8,P91d048ed,It's crucial that prevent brain drain by supporting ai research in all countries.,It's crucial that prevent brain drain by supporting ai research in all countries...,C2,"From my perspective, prevent brain drain by supporting ai re...",15
8,P9491c569,"From my perspective, open-source ai tools can democratize access globally.","From my perspective, open-source ai tools can democratize access globally.",C3,"From my perspective, open-source ai tools can democratize ac...",15
8,P9a076f12,"From my perspective, open-source ai tools can democratize access globally.","From my perspective, open-source ai tools can democratize access globally.",C3,"From my perspective, open-source ai tools can democratize ac...",15
8,P9dfd0389,Address digital divide in internet and computing access first.,Address digital divide in internet and computing access first.,C1,Address digital divide in internet and computing access firs...,23
8,P9f56cc8b,"From my perspective, open-source ai tools can democratize access globally.","From my perspective, open-source ai tools can democratize access globally.",C3,"From my perspective, open-source ai tools can democratize ac...",15
8,Pa06225b8,I believe prevent brain drain by supporting ai research in all countries.,I believe prevent brain drain by supporting ai research in all countries.,C2,"From my perspective, prevent brain drain by supporting ai re...",15
8,Pa272d82c,Prevent brain drain by supporting AI research in all countries.,Prevent brain drain by supporting AI research in all countries.,C2,"From my perspective, prevent brain drain by supporting ai re...",15
8,Pa61b32d9,We must consider that global ai governance should include voices from all nations equally.,We must consider that global ai governance should include voices from all nation...,C4,We must consider that global ai governance should include vo...,14
8,Pa893e684,Address digital divide in internet and computing access first.,Address digital divide in internet and computing access first.,C1,Address digital divide in internet and computing access firs...,23
8,Pabd011f9,"From my perspective, prevent brain drain by supporting ai research in all countries.","From my perspective, prevent brain drain by supporting ai research in all countr...",C2,"From my perspective, prevent brain drain by supporting ai re...",15
8,Pb0ae6c81,"From my perspective, open-source ai tools can democratize access globally.","From my perspective, open-source ai tools can democratize access globally.",C3,"From my perspective, open-source ai tools can democratize ac...",15
8,Pb2ab2d79,We must consider that technology transfer and capacity building in developing nations essential.,We must consider that technology transfer and capacity building in developing na...,C5,We must consider that technology transfer and capacity build...,12
8,Pb31753dd,It's crucial that international funding for ai infrastructure in underserved regions.,It's crucial that international funding for ai infrastructure in underserved reg...,C6,"From my perspective, international funding for ai infrastruc...",12
8,Pb4d8b678,We must consider that local language and cultural considerations in ai development.,We must consider that local language and cultural considerations in ai developme...,C7,We must consider that local language and cultural considerat...,9
8,Pb9ddb511,It's crucial that prevent brain drain by supporting ai research in all countries.,It's crucial that prevent brain drain by supporting ai research in all countries...,C2,"From my perspective, prevent brain drain by supporting ai re...",15
8,Pba0d1e32,"From my perspective, local language and cultural considerations in ai development.","From my perspective, local language and cultural considerations in ai developmen...",C7,We must consider that local language and cultural considerat...,9
8,Pbcc576d8,We must consider that international funding for ai infrastructure in underserved regions.,We must consider that international funding for ai infrastructure in underserved...,C6,"From my perspective, international funding for ai infrastruc...",12
8,Pc40c86ef,Technology transfer and capacity building in developing nations essential.,Technology transfer and capacity building in developing nations essential.,C5,We must consider that technology transfer and capacity build...,12
8,Pc5227372,Address digital divide in internet and computing access first.,Address digital divide in internet and computing access first.,C1,Address digital divide in internet and computing access firs...,23
8,Pc554f688,It's crucial that local language and cultural considerations in ai development.,It's crucial that local language and cultural considerations in ai development.,C7,We must consider that local language and cultural considerat...,9
8,Pc7dbe664,"From my perspective, address digital divide in internet and computing access first.","From my perspective, address digital divide in internet and computing access fir...",C1,Address digital divide in internet and computing access firs...,23
8,Pc882885b,Address digital divide in internet and computing access first.,Address digital divide in internet and computing access first.,C1,Address digital divide in internet and computing access firs...,23
8,Pc891a0ee,I believe address digital divide in internet and computing access first.,I believe address digital divide in internet and computing access first.,C1,Address digital divide in internet and computing access firs...,23
8,Pcbeb4d3a,We must consider that global ai governance should include voices from all nations equally.,We must consider that global ai governance should include voices from all nation...,C4,We must consider that global ai governance should include vo...,14
8,Pcd0c9ac9,It's crucial that international funding for ai infrastructure in underserved regions.,It's crucial that international funding for ai infrastructure in underserved reg...,C6,"From my perspective, international funding for ai infrastruc...",12
8,Pd55ec1e7,Open-source AI tools can democratize access globally.,Open-source AI tools can democratize access globally.,C3,"From my perspective, open-source ai tools can democratize ac...",15
8,Pd5e7a821,Technology transfer and capacity building in developing nations essential.,Technology transfer and capacity building in developing nations essential.,C5,We must consider that technology transfer and capacity build...,12
8,Pdbec22ad,International funding for AI infrastructure in underserved regions.,International funding for AI infrastructure in underserved regions.,C6,"From my perspective, international funding for ai infrastruc...",12
8,Pdc6aff73,I believe local language and cultural considerations in ai development.,I believe local language and cultural considerations in ai development.,C7,We must consider that local language and cultural considerat...,9
8,Pdca9c427,I believe global ai governance should include voices from all nations equally.,I believe global ai governance should include voices from all nations equally.,C4,We must consider that global ai governance should include vo...,14
8,Pe18fbd36,I believe open-source ai tools can democratize access globally.,I believe open-source ai tools can democratize access globally.,C3,"From my perspective, open-source ai tools can democratize ac...",15
8,Pe27269d9,"From my perspective, prevent brain drain by supporting ai research in all countries.","From my perspective, prevent brain drain by supporting ai research in all countr...",C2,"From my perspective, prevent brain drain by supporting ai re...",15
8,Pe3a4bdcf,Prevent brain drain by supporting AI research in all countries.,Prevent brain drain by supporting AI research in all countries.,C2,"From my perspective, prevent brain drain by supporting ai re...",15
8,Pe8c47516,Address digital divide in internet and computing access first.,Address digital divide in internet and computing access first.,C1,Address digital divide in internet and computing access firs...,23
8,Pea995f7b,We must consider that local language and cultural considerations in ai development.,We must consider that local language and cultural considerations in ai developme...,C7,We must consider that local language and cultural considerat...,9
8,Pf13ae6db,I believe address digital divide in internet and computing access first.,I believe address digital divide in internet and computing access first.,C1,Address digital divide in internet and computing access firs...,23
8,Pf14f674e,I believe open-source ai tools can democratize access globally.,I believe open-source ai tools can democratize access globally.,C3,"From my perspective, open-source ai tools can democratize ac...",15
8,Pf179e4f4,"From my perspective, prevent brain drain by supporting ai research in all countries.","From my perspective, prevent brain drain by supporting ai research in all countr...",C2,"From my perspective, prevent brain drain by supporting ai re...",15
8,Pf5228fa2,Technology transfer and capacity building in developing nations essential.,Technology transfer and capacity building in developing nations essential.,C5,We must consider that technology transfer and capacity build...,12
8,Pf5fb26ab,I believe address digital divide in internet and computing access first.,I believe address digital divide in internet and computing access first.,C1,Address digital divide in internet and computing access firs...,23
8,Pf64a95b9,I believe prevent brain drain by supporting ai research in all countries.,I believe prevent brain drain by supporting ai research in all countries.,C2,"From my perspective, prevent brain drain by supporting ai re...",15
8,Pfae07990,We must consider that prevent brain drain by supporting ai research in all countries.,We must consider that prevent brain drain by supporting ai research in all count...,C2,"From my perspective, prevent brain drain by supporting ai re...",15
8,Pfd6a013e,We must consider that local language and cultural considerations in ai development.,We must consider that local language and cultural considerations in ai developme...,C7,We must consider that local language and cultural considerat...,9
2,P002db135,I believe whistleblower protections for those who report ai safety concerns.,I believe whistleblower protections for those who report ai safety concerns.,C7,I believe whistleblower protections for those who report ai ...,10
2,P044ecf5c,Real-time monitoring systems to detect and correct AI failures.,Real-time monitoring systems to detect and correct AI failures.,C2,Real-time monitoring systems to detect and correct AI failur...,16
2,P06330240,We must consider that open-source ai models would allow public scrutiny and independent verification...,We must consider that open-source ai models would allow public scrutiny and inde...,C1,Open-source AI models would allow public scrutiny and indepe...,18
2,P0ab6ce41,It's crucial that open-source ai models would allow public scrutiny and independent verification.,It's crucial that open-source ai models would allow public scrutiny and independ...,C1,Open-source AI models would allow public scrutiny and indepe...,18
2,P0d87a908,I believe open-source ai models would allow public scrutiny and independent verification.,I believe open-source ai models would allow public scrutiny and independent veri...,C1,Open-source AI models would allow public scrutiny and indepe...,18
2,P0f32ae92,I believe mandatory impact assessments before deploying ai in sensitive domains.,I believe mandatory impact assessments before deploying ai in sensitive domains.,C5,Mandatory impact assessments before deploying AI in sensitiv...,13
2,P0f5473a7,Open-source AI models would allow public scrutiny and independent verification.,Open-source AI models would allow public scrutiny and independent verification.,C1,Open-source AI models would allow public scrutiny and indepe...,18
2,P119504ae,It's crucial that whistleblower protections for those who report ai safety concerns.,It's crucial that whistleblower protections for those who report ai safety conce...,C7,I believe whistleblower protections for those who report ai ...,10
2,P12bcacb9,Whistleblower protections for those who report AI safety concerns.,Whistleblower protections for those who report AI safety concerns.,C7,I believe whistleblower protections for those who report ai ...,10
2,P135c59bc,Independent oversight boards with technical and ethical expertise.,Independent oversight boards with technical and ethical expertise.,C4,Independent oversight boards with technical and ethical expe...,14
2,P13b01763,Open-source AI models would allow public scrutiny and independent verification.,Open-source AI models would allow public scrutiny and independent verification.,C1,Open-source AI models would allow public scrutiny and indepe...,18
2,P183fe416,Real-time monitoring systems to detect and correct AI failures.,Real-time monitoring systems to detect and correct AI failures.,C2,Real-time monitoring systems to detect and correct AI failur...,16
2,P1f737eee,We must consider that mandatory impact assessments before deploying ai in sensitive domains.,We must consider that mandatory impact assessments before deploying ai in sensit...,C5,Mandatory impact assessments before deploying AI in sensitiv...,13
2,P21db03f4,I believe clear documentation of training data sources and potential biases.,I believe clear documentation of training data sources and potential biases.,C3,We must consider that clear documentation of training data s...,16
2,P2324fc7b,I believe clear documentation of training data sources and potential biases.,I believe clear documentation of training data sources and potential biases.,C3,We must consider that clear documentation of training data s...,16
2,P2381b85a,We must consider that clear documentation of training data sources and potential biases.,We must consider that clear documentation of training data sources and potential...,C3,We must consider that clear documentation of training data s...,16
2,P246cc61f,I believe public registers of high-risk ai systems similar to drug approvals.,I believe public registers of high-risk ai systems similar to drug approvals.,C6,"From my perspective, public registers of high-risk ai system...",13
2,P296e49c2,We must consider that public registers of high-risk ai systems similar to drug approvals.,We must consider that public registers of high-risk ai systems similar to drug a...,C6,"From my perspective, public registers of high-risk ai system...",13
2,P322599fb,Real-time monitoring systems to detect and correct AI failures.,Real-time monitoring systems to detect and correct AI failures.,C2,Real-time monitoring systems to detect and correct AI failur...,16
2,P3272202c,"From my perspective, independent oversight boards with technical and ethical expertise.","From my perspective, independent oversight boards with technical and ethical exp...",C4,Independent oversight boards with technical and ethical expe...,14
2,P32814f77,I believe real-time monitoring systems to detect and correct ai failures.,I believe real-time monitoring systems to detect and correct ai failures.,C2,Real-time monitoring systems to detect and correct AI failur...,16
2,P33c92c55,It's crucial that mandatory impact assessments before deploying ai in sensitive domains.,It's crucial that mandatory impact assessments before deploying ai in sensitive ...,C5,Mandatory impact assessments before deploying AI in sensitiv...,13
2,P37e79c19,It's crucial that open-source ai models would allow public scrutiny and independent verification.,It's crucial that open-source ai models would allow public scrutiny and independ...,C1,Open-source AI models would allow public scrutiny and indepe...,18
2,P39b8ee3e,"From my perspective, real-time monitoring systems to detect and correct ai failures.","From my perspective, real-time monitoring systems to detect and correct ai failu...",C2,Real-time monitoring systems to detect and correct AI failur...,16
2,P3d508b19,"From my perspective, clear documentation of training data sources and potential biases.","From my perspective, clear documentation of training data sources and potential ...",C3,We must consider that clear documentation of training data s...,16
2,P42ae8d81,I believe public registers of high-risk ai systems similar to drug approvals.,I believe public registers of high-risk ai systems similar to drug approvals.,C6,"From my perspective, public registers of high-risk ai system...",13
2,P439843c7,We must consider that public registers of high-risk ai systems similar to drug approvals.,We must consider that public registers of high-risk ai systems similar to drug a...,C6,"From my perspective, public registers of high-risk ai system...",13
2,P45ebecd9,I believe public registers of high-risk ai systems similar to drug approvals.,I believe public registers of high-risk ai systems similar to drug approvals.,C6,"From my perspective, public registers of high-risk ai system...",13
2,P475b51fb,I believe open-source ai models would allow public scrutiny and independent verification.,I believe open-source ai models would allow public scrutiny and independent veri...,C1,Open-source AI models would allow public scrutiny and indepe...,18
2,P4e364102,It's crucial that public registers of high-risk ai systems similar to drug approvals.,It's crucial that public registers of high-risk ai systems similar to drug appro...,C6,"From my perspective, public registers of high-risk ai system...",13
2,P5020088e,Real-time monitoring systems to detect and correct AI failures.,Real-time monitoring systems to detect and correct AI failures.,C2,Real-time monitoring systems to detect and correct AI failur...,16
2,P55221ec9,We must consider that public registers of high-risk ai systems similar to drug approvals.,We must consider that public registers of high-risk ai systems similar to drug a...,C6,"From my perspective, public registers of high-risk ai system...",13
2,P5764ed1b,It's crucial that real-time monitoring systems to detect and correct ai failures.,It's crucial that real-time monitoring systems to detect and correct ai failures...,C2,Real-time monitoring systems to detect and correct AI failur...,16
2,P578a7959,We must consider that clear documentation of training data sources and potential biases.,We must consider that clear documentation of training data sources and potential...,C3,We must consider that clear documentation of training data s...,16
2,P57ab0079,It's crucial that clear documentation of training data sources and potential biases.,It's crucial that clear documentation of training data sources and potential bia...,C3,We must consider that clear documentation of training data s...,16
2,P589f7387,It's crucial that public registers of high-risk ai systems similar to drug approvals.,It's crucial that public registers of high-risk ai systems similar to drug appro...,C6,"From my perspective, public registers of high-risk ai system...",13
2,P5a85e1f6,It's crucial that public registers of high-risk ai systems similar to drug approvals.,It's crucial that public registers of high-risk ai systems similar to drug appro...,C6,"From my perspective, public registers of high-risk ai system...",13
2,P5e120e50,"From my perspective, open-source ai models would allow public scrutiny and independent verification.","From my perspective, open-source ai models would allow public scrutiny and indep...",C1,Open-source AI models would allow public scrutiny and indepe...,18
2,P5ed16fbc,"From my perspective, public registers of high-risk ai systems similar to drug approvals.","From my perspective, public registers of high-risk ai systems similar to drug ap...",C6,"From my perspective, public registers of high-risk ai system...",13
2,P60e852d4,"From my perspective, independent oversight boards with technical and ethical expertise.","From my perspective, independent oversight boards with technical and ethical exp...",C4,Independent oversight boards with technical and ethical expe...,14
2,P63cfcea6,"From my perspective, real-time monitoring systems to detect and correct ai failures.","From my perspective, real-time monitoring systems to detect and correct ai failu...",C2,Real-time monitoring systems to detect and correct AI failur...,16
2,P667a66c5,It's crucial that open-source ai models would allow public scrutiny and independent verification.,It's crucial that open-source ai models would allow public scrutiny and independ...,C1,Open-source AI models would allow public scrutiny and indepe...,18
2,P6776c919,"From my perspective, clear documentation of training data sources and potential biases.","From my perspective, clear documentation of training data sources and potential ...",C3,We must consider that clear documentation of training data s...,16
2,P694dc0cd,I believe independent oversight boards with technical and ethical expertise.,I believe independent oversight boards with technical and ethical expertise.,C4,Independent oversight boards with technical and ethical expe...,14
2,P6b866ec0,We must consider that clear documentation of training data sources and potential biases.,We must consider that clear documentation of training data sources and potential...,C3,We must consider that clear documentation of training data s...,16
2,P70f4e5f9,Real-time monitoring systems to detect and correct AI failures.,Real-time monitoring systems to detect and correct AI failures.,C2,Real-time monitoring systems to detect and correct AI failur...,16
2,P71bb05ec,I believe real-time monitoring systems to detect and correct ai failures.,I believe real-time monitoring systems to detect and correct ai failures.,C2,Real-time monitoring systems to detect and correct AI failur...,16
2,P72e25bfe,I believe mandatory impact assessments before deploying ai in sensitive domains.,I believe mandatory impact assessments before deploying ai in sensitive domains.,C5,Mandatory impact assessments before deploying AI in sensitiv...,13
2,P77fe9f73,I believe whistleblower protections for those who report ai safety concerns.,I believe whistleblower protections for those who report ai safety concerns.,C7,I believe whistleblower protections for those who report ai ...,10
2,P7cf4c70d,It's crucial that open-source ai models would allow public scrutiny and independent verification.,It's crucial that open-source ai models would allow public scrutiny and independ...,C1,Open-source AI models would allow public scrutiny and indepe...,18
2,P821be496,Real-time monitoring systems to detect and correct AI failures.,Real-time monitoring systems to detect and correct AI failures.,C2,Real-time monitoring systems to detect and correct AI failur...,16
2,P83e9d6d1,Mandatory impact assessments before deploying AI in sensitive domains.,Mandatory impact assessments before deploying AI in sensitive domains.,C5,Mandatory impact assessments before deploying AI in sensitiv...,13
2,P8438eb45,"From my perspective, open-source ai models would allow public scrutiny and independent verification.","From my perspective, open-source ai models would allow public scrutiny and indep...",C1,Open-source AI models would allow public scrutiny and indepe...,18
2,P8872bcc4,We must consider that open-source ai models would allow public scrutiny and independent verification...,We must consider that open-source ai models would allow public scrutiny and inde...,C1,Open-source AI models would allow public scrutiny and indepe...,18
2,P8a48b733,Independent oversight boards with technical and ethical expertise.,Independent oversight boards with technical and ethical expertise.,C4,Independent oversight boards with technical and ethical expe...,14
2,P8bd4adb0,"From my perspective, whistleblower protections for those who report ai safety concerns.","From my perspective, whistleblower protections for those who report ai safety co...",C7,I believe whistleblower protections for those who report ai ...,10
2,P8ef64442,Mandatory impact assessments before deploying AI in sensitive domains.,Mandatory impact assessments before deploying AI in sensitive domains.,C5,Mandatory impact assessments before deploying AI in sensitiv...,13
2,P91d048ed,We must consider that clear documentation of training data sources and potential biases.,We must consider that clear documentation of training data sources and potential...,C3,We must consider that clear documentation of training data s...,16
2,P9491c569,"From my perspective, clear documentation of training data sources and potential biases.","From my perspective, clear documentation of training data sources and potential ...",C3,We must consider that clear documentation of training data s...,16
2,P9a076f12,"From my perspective, mandatory impact assessments before deploying ai in sensitive domains.","From my perspective, mandatory impact assessments before deploying ai in sensiti...",C5,Mandatory impact assessments before deploying AI in sensitiv...,13
2,P9dfd0389,We must consider that independent oversight boards with technical and ethical expertise.,We must consider that independent oversight boards with technical and ethical ex...,C4,Independent oversight boards with technical and ethical expe...,14
2,P9f56cc8b,Mandatory impact assessments before deploying AI in sensitive domains.,Mandatory impact assessments before deploying AI in sensitive domains.,C5,Mandatory impact assessments before deploying AI in sensitiv...,13
2,Pa06225b8,Open-source AI models would allow public scrutiny and independent verification.,Open-source AI models would allow public scrutiny and independent verification.,C1,Open-source AI models would allow public scrutiny and indepe...,18
2,Pa272d82c,It's crucial that mandatory impact assessments before deploying ai in sensitive domains.,It's crucial that mandatory impact assessments before deploying ai in sensitive ...,C5,Mandatory impact assessments before deploying AI in sensitiv...,13
2,Pa61b32d9,"From my perspective, clear documentation of training data sources and potential biases.","From my perspective, clear documentation of training data sources and potential ...",C3,We must consider that clear documentation of training data s...,16
2,Pa893e684,Whistleblower protections for those who report AI safety concerns.,Whistleblower protections for those who report AI safety concerns.,C7,I believe whistleblower protections for those who report ai ...,10
2,Pabd011f9,I believe independent oversight boards with technical and ethical expertise.,I believe independent oversight boards with technical and ethical expertise.,C4,Independent oversight boards with technical and ethical expe...,14
2,Pb0ae6c81,Independent oversight boards with technical and ethical expertise.,Independent oversight boards with technical and ethical expertise.,C4,Independent oversight boards with technical and ethical expe...,14
2,Pb2ab2d79,We must consider that independent oversight boards with technical and ethical expertise.,We must consider that independent oversight boards with technical and ethical ex...,C4,Independent oversight boards with technical and ethical expe...,14
2,Pb31753dd,I believe whistleblower protections for those who report ai safety concerns.,I believe whistleblower protections for those who report ai safety concerns.,C7,I believe whistleblower protections for those who report ai ...,10
2,Pb4d8b678,It's crucial that clear documentation of training data sources and potential biases.,It's crucial that clear documentation of training data sources and potential bia...,C3,We must consider that clear documentation of training data s...,16
2,Pb9ddb511,We must consider that real-time monitoring systems to detect and correct ai failures.,We must consider that real-time monitoring systems to detect and correct ai fail...,C2,Real-time monitoring systems to detect and correct AI failur...,16
2,Pba0d1e32,We must consider that clear documentation of training data sources and potential biases.,We must consider that clear documentation of training data sources and potential...,C3,We must consider that clear documentation of training data s...,16
2,Pbcc576d8,We must consider that clear documentation of training data sources and potential biases.,We must consider that clear documentation of training data sources and potential...,C3,We must consider that clear documentation of training data s...,16
2,Pc40c86ef,I believe public registers of high-risk ai systems similar to drug approvals.,I believe public registers of high-risk ai systems similar to drug approvals.,C6,"From my perspective, public registers of high-risk ai system...",13
2,Pc5227372,Mandatory impact assessments before deploying AI in sensitive domains.,Mandatory impact assessments before deploying AI in sensitive domains.,C5,Mandatory impact assessments before deploying AI in sensitiv...,13
2,Pc554f688,"From my perspective, open-source ai models would allow public scrutiny and independent verification.","From my perspective, open-source ai models would allow public scrutiny and indep...",C1,Open-source AI models would allow public scrutiny and indepe...,18
2,Pc7dbe664,It's crucial that whistleblower protections for those who report ai safety concerns.,It's crucial that whistleblower protections for those who report ai safety conce...,C7,I believe whistleblower protections for those who report ai ...,10
2,Pc882885b,Independent oversight boards with technical and ethical expertise.,Independent oversight boards with technical and ethical expertise.,C4,Independent oversight boards with technical and ethical expe...,14
2,Pc891a0ee,Mandatory impact assessments before deploying AI in sensitive domains.,Mandatory impact assessments before deploying AI in sensitive domains.,C5,Mandatory impact assessments before deploying AI in sensitiv...,13
2,Pcbeb4d3a,We must consider that independent oversight boards with technical and ethical expertise.,We must consider that independent oversight boards with technical and ethical ex...,C4,Independent oversight boards with technical and ethical expe...,14
2,Pcd0c9ac9,"From my perspective, independent oversight boards with technical and ethical expertise.","From my perspective, independent oversight boards with technical and ethical exp...",C4,Independent oversight boards with technical and ethical expe...,14
2,Pd55ec1e7,I believe mandatory impact assessments before deploying ai in sensitive domains.,I believe mandatory impact assessments before deploying ai in sensitive domains.,C5,Mandatory impact assessments before deploying AI in sensitiv...,13
2,Pd5e7a821,We must consider that open-source ai models would allow public scrutiny and independent verification...,We must consider that open-source ai models would allow public scrutiny and inde...,C1,Open-source AI models would allow public scrutiny and indepe...,18
2,Pdbec22ad,Whistleblower protections for those who report AI safety concerns.,Whistleblower protections for those who report AI safety concerns.,C7,I believe whistleblower protections for those who report ai ...,10
2,Pdc6aff73,I believe real-time monitoring systems to detect and correct ai failures.,I believe real-time monitoring systems to detect and correct ai failures.,C2,Real-time monitoring systems to detect and correct AI failur...,16
2,Pdca9c427,Clear documentation of training data sources and potential biases.,Clear documentation of training data sources and potential biases.,C3,We must consider that clear documentation of training data s...,16
2,Pe18fbd36,Independent oversight boards with technical and ethical expertise.,Independent oversight boards with technical and ethical expertise.,C4,Independent oversight boards with technical and ethical expe...,14
2,Pe27269d9,It's crucial that real-time monitoring systems to detect and correct ai failures.,It's crucial that real-time monitoring systems to detect and correct ai failures...,C2,Real-time monitoring systems to detect and correct AI failur...,16
2,Pe3a4bdcf,I believe whistleblower protections for those who report ai safety concerns.,I believe whistleblower protections for those who report ai safety concerns.,C7,I believe whistleblower protections for those who report ai ...,10
2,Pe8c47516,Clear documentation of training data sources and potential biases.,Clear documentation of training data sources and potential biases.,C3,We must consider that clear documentation of training data s...,16
2,Pea995f7b,We must consider that open-source ai models would allow public scrutiny and independent verification...,We must consider that open-source ai models would allow public scrutiny and inde...,C1,Open-source AI models would allow public scrutiny and indepe...,18
2,Pf13ae6db,Open-source AI models would allow public scrutiny and independent verification.,Open-source AI models would allow public scrutiny and independent verification.,C1,Open-source AI models would allow public scrutiny and indepe...,18
2,Pf14f674e,I believe independent oversight boards with technical and ethical expertise.,I believe independent oversight boards with technical and ethical expertise.,C4,Independent oversight boards with technical and ethical expe...,14
2,Pf179e4f4,It's crucial that public registers of high-risk ai systems similar to drug approvals.,It's crucial that public registers of high-risk ai systems similar to drug appro...,C6,"From my perspective, public registers of high-risk ai system...",13
2,Pf5228fa2,We must consider that mandatory impact assessments before deploying ai in sensitive domains.,We must consider that mandatory impact assessments before deploying ai in sensit...,C5,Mandatory impact assessments before deploying AI in sensitiv...,13
2,Pf5fb26ab,It's crucial that real-time monitoring systems to detect and correct ai failures.,It's crucial that real-time monitoring systems to detect and correct ai failures...,C2,Real-time monitoring systems to detect and correct AI failur...,16
2,Pf64a95b9,It's crucial that public registers of high-risk ai systems similar to drug approvals.,It's crucial that public registers of high-risk ai systems similar to drug appro...,C6,"From my perspective, public registers of high-risk ai system...",13
2,Pfae07990,Open-source AI models would allow public scrutiny and independent verification.,Open-source AI models would allow public scrutiny and independent verification.,C1,Open-source AI models would allow public scrutiny and indepe...,18
2,Pfd6a013e,Real-time monitoring systems to detect and correct AI failures.,Real-time monitoring systems to detect and correct AI failures.,C2,Real-time monitoring systems to detect and correct AI failur...,16
