Round,Participant,Raw Input,Summary,Cluster,Cluster Label,Cluster Size
3,P000a5484,We must consider that sector-specific regulations make more sense than one-size-fits-all rules.,We must consider that sector-specific regulations make more sense than one-size-...,C4,Sector-specific regulations make more sense than one-size-fi...,14
3,P006937c9,"From my perspective, international coordination is crucial since ai development is global.","From my perspective, international coordination is crucial since ai development ...",C3,International coordination is crucial since AI development i...,14
3,P05e6a3a1,"From my perspective, light-touch regulation might stifle innovation - we need balanced approach.","From my perspective, light-touch regulation might stifle innovation - we need ba...",C2,Light-touch regulation might stifle innovation - we need bal...,15
3,P0661ec6e,I believe proactive regulation is essential to prevent harm before it occurs.,I believe proactive regulation is essential to prevent harm before it occurs.,C1,Proactive regulation is essential to prevent harm before it ...,15
3,P0add2d06,Proactive regulation is essential to prevent harm before it occurs.,Proactive regulation is essential to prevent harm before it occurs.,C1,Proactive regulation is essential to prevent harm before it ...,15
3,P0eb99b99,It's crucial that sector-specific regulations make more sense than one-size-fits-all rules.,It's crucial that sector-specific regulations make more sense than one-size-fits...,C4,Sector-specific regulations make more sense than one-size-fi...,14
3,P131f32c8,It's crucial that proactive regulation is essential to prevent harm before it occurs.,It's crucial that proactive regulation is essential to prevent harm before it oc...,C1,Proactive regulation is essential to prevent harm before it ...,15
3,P168f0c91,Sector-specific regulations make more sense than one-size-fits-all rules. We cannot afford to ignore...,Sector-specific regulations make more sense than one-size-fits-all rules. We can...,C4,Sector-specific regulations make more sense than one-size-fi...,14
3,P190e6d95,"From my perspective, self-regulation by industry has failed - government oversight is necessary.","From my perspective, self-regulation by industry has failed - government oversig...",C5,"From my perspective, self-regulation by industry has failed ...",14
3,P1b07fbdd,I believe sector-specific regulations make more sense than one-size-fits-all rules.,I believe sector-specific regulations make more sense than one-size-fits-all rul...,C4,Sector-specific regulations make more sense than one-size-fi...,14
3,P1d73b124,I believe self-regulation by industry has failed - government oversight is necessary.,I believe self-regulation by industry has failed - government oversight is neces...,C5,"From my perspective, self-regulation by industry has failed ...",14
3,P1ee3821a,Light-touch regulation might stifle innovation - we need balanced approach.,Light-touch regulation might stifle innovation - we need balanced approach.,C2,Light-touch regulation might stifle innovation - we need bal...,15
3,P20ce77ae,Light-touch regulation might stifle innovation - we need balanced approach. This is fundamentally im...,Light-touch regulation might stifle innovation - we need balanced approach. This...,C2,Light-touch regulation might stifle innovation - we need bal...,15
3,P23224897,I believe light-touch regulation might stifle innovation - we need balanced approach.,I believe light-touch regulation might stifle innovation - we need balanced appr...,C2,Light-touch regulation might stifle innovation - we need bal...,15
3,P23c4a9b9,"From my perspective, proactive regulation is essential to prevent harm before it occurs.","From my perspective, proactive regulation is essential to prevent harm before it...",C1,Proactive regulation is essential to prevent harm before it ...,15
3,P24fbff84,It's crucial that proactive regulation is essential to prevent harm before it occurs.,It's crucial that proactive regulation is essential to prevent harm before it oc...,C1,Proactive regulation is essential to prevent harm before it ...,15
3,P2547830a,Focus on outcomes and harms rather than specific technical approaches.,Focus on outcomes and harms rather than specific technical approaches.,C7,It's crucial that focus on outcomes and harms rather than sp...,14
3,P262efb3e,"From my perspective, light-touch regulation might stifle innovation - we need balanced approach.","From my perspective, light-touch regulation might stifle innovation - we need ba...",C2,Light-touch regulation might stifle innovation - we need bal...,15
3,P27631a9f,We must consider that international coordination is crucial since ai development is global.,We must consider that international coordination is crucial since ai development...,C3,International coordination is crucial since AI development i...,14
3,P27f9b918,It's crucial that self-regulation by industry has failed - government oversight is necessary.,It's crucial that self-regulation by industry has failed - government oversight ...,C5,"From my perspective, self-regulation by industry has failed ...",14
3,P2cdb9814,I believe focus on outcomes and harms rather than specific technical approaches.,I believe focus on outcomes and harms rather than specific technical approaches.,C7,It's crucial that focus on outcomes and harms rather than sp...,14
3,P2f985e95,International coordination is crucial since AI development is global.,International coordination is crucial since AI development is global.,C3,International coordination is crucial since AI development i...,14
3,P31d67d3b,Focus on outcomes and harms rather than specific technical approaches. We cannot afford to ignore th...,Focus on outcomes and harms rather than specific technical approaches. We cannot...,C7,It's crucial that focus on outcomes and harms rather than sp...,14
3,P360e4eff,I believe international coordination is crucial since ai development is global.,I believe international coordination is crucial since ai development is global.,C3,International coordination is crucial since AI development i...,14
3,P36cc190c,I believe light-touch regulation might stifle innovation - we need balanced approach.,I believe light-touch regulation might stifle innovation - we need balanced appr...,C2,Light-touch regulation might stifle innovation - we need bal...,15
3,P3836ca7d,"From my perspective, light-touch regulation might stifle innovation - we need balanced approach.","From my perspective, light-touch regulation might stifle innovation - we need ba...",C2,Light-touch regulation might stifle innovation - we need bal...,15
3,P3ae7e5c2,It's crucial that proactive regulation is essential to prevent harm before it occurs.,It's crucial that proactive regulation is essential to prevent harm before it oc...,C1,Proactive regulation is essential to prevent harm before it ...,15
3,P3b25a331,It's crucial that light-touch regulation might stifle innovation - we need balanced approach.,It's crucial that light-touch regulation might stifle innovation - we need balan...,C2,Light-touch regulation might stifle innovation - we need bal...,15
3,P3ff5b54c,Adaptive regulatory frameworks that evolve with AI capabilities. This is fundamentally important.,Adaptive regulatory frameworks that evolve with AI capabilities. This is fundame...,C6,Adaptive regulatory frameworks that evolve with AI capabilit...,14
3,P4395a771,International coordination is crucial since AI development is global. We cannot afford to ignore thi...,International coordination is crucial since AI development is global. We cannot ...,C3,International coordination is crucial since AI development i...,14
3,P497d37fe,"From my perspective, proactive regulation is essential to prevent harm before it occurs.","From my perspective, proactive regulation is essential to prevent harm before it...",C1,Proactive regulation is essential to prevent harm before it ...,15
3,P4adeb1de,Adaptive regulatory frameworks that evolve with AI capabilities. We cannot afford to ignore this.,Adaptive regulatory frameworks that evolve with AI capabilities. We cannot affor...,C6,Adaptive regulatory frameworks that evolve with AI capabilit...,14
3,P4c05e249,Focus on outcomes and harms rather than specific technical approaches. This is fundamentally importa...,Focus on outcomes and harms rather than specific technical approaches. This is f...,C7,It's crucial that focus on outcomes and harms rather than sp...,14
3,P4e8e9b9c,Adaptive regulatory frameworks that evolve with AI capabilities.,Adaptive regulatory frameworks that evolve with AI capabilities.,C6,Adaptive regulatory frameworks that evolve with AI capabilit...,14
3,P504d565a,It's crucial that sector-specific regulations make more sense than one-size-fits-all rules.,It's crucial that sector-specific regulations make more sense than one-size-fits...,C4,Sector-specific regulations make more sense than one-size-fi...,14
3,P512efe84,Light-touch regulation might stifle innovation - we need balanced approach.,Light-touch regulation might stifle innovation - we need balanced approach.,C2,Light-touch regulation might stifle innovation - we need bal...,15
3,P51892015,"From my perspective, self-regulation by industry has failed - government oversight is necessary.","From my perspective, self-regulation by industry has failed - government oversig...",C5,"From my perspective, self-regulation by industry has failed ...",14
3,P5682fc21,Sector-specific regulations make more sense than one-size-fits-all rules.,Sector-specific regulations make more sense than one-size-fits-all rules.,C4,Sector-specific regulations make more sense than one-size-fi...,14
3,P57cb6f7e,"From my perspective, sector-specific regulations make more sense than one-size-fits-all rules.","From my perspective, sector-specific regulations make more sense than one-size-f...",C4,Sector-specific regulations make more sense than one-size-fi...,14
3,P5b8664a6,I believe adaptive regulatory frameworks that evolve with ai capabilities.,I believe adaptive regulatory frameworks that evolve with ai capabilities.,C6,Adaptive regulatory frameworks that evolve with AI capabilit...,14
3,P5c65416c,"From my perspective, self-regulation by industry has failed - government oversight is necessary.","From my perspective, self-regulation by industry has failed - government oversig...",C5,"From my perspective, self-regulation by industry has failed ...",14
3,P5cf072e0,Light-touch regulation might stifle innovation - we need balanced approach.,Light-touch regulation might stifle innovation - we need balanced approach.,C2,Light-touch regulation might stifle innovation - we need bal...,15
3,P5f408b6f,We must consider that international coordination is crucial since ai development is global.,We must consider that international coordination is crucial since ai development...,C3,International coordination is crucial since AI development i...,14
3,P61887846,Self-regulation by industry has failed - government oversight is necessary. This is fundamentally im...,Self-regulation by industry has failed - government oversight is necessary. This...,C5,"From my perspective, self-regulation by industry has failed ...",14
3,P61ecbb02,We must consider that sector-specific regulations make more sense than one-size-fits-all rules.,We must consider that sector-specific regulations make more sense than one-size-...,C4,Sector-specific regulations make more sense than one-size-fi...,14
3,P63e59170,International coordination is crucial since AI development is global. This is fundamentally importan...,International coordination is crucial since AI development is global. This is fu...,C3,International coordination is crucial since AI development i...,14
3,P64995125,Self-regulation by industry has failed - government oversight is necessary. This is fundamentally im...,Self-regulation by industry has failed - government oversight is necessary. This...,C5,"From my perspective, self-regulation by industry has failed ...",14
3,P6639a427,It's crucial that focus on outcomes and harms rather than specific technical approaches.,It's crucial that focus on outcomes and harms rather than specific technical app...,C7,It's crucial that focus on outcomes and harms rather than sp...,14
3,P6824dbe6,Self-regulation by industry has failed - government oversight is necessary.,Self-regulation by industry has failed - government oversight is necessary.,C5,"From my perspective, self-regulation by industry has failed ...",14
3,P6b22ea83,Adaptive regulatory frameworks that evolve with AI capabilities.,Adaptive regulatory frameworks that evolve with AI capabilities.,C6,Adaptive regulatory frameworks that evolve with AI capabilit...,14
3,P6c5d2547,Proactive regulation is essential to prevent harm before it occurs. We cannot afford to ignore this.,Proactive regulation is essential to prevent harm before it occurs. We cannot af...,C1,Proactive regulation is essential to prevent harm before it ...,15
3,P6d2a23b9,Proactive regulation is essential to prevent harm before it occurs.,Proactive regulation is essential to prevent harm before it occurs.,C1,Proactive regulation is essential to prevent harm before it ...,15
3,P71764af9,"From my perspective, international coordination is crucial since ai development is global.","From my perspective, international coordination is crucial since ai development ...",C3,International coordination is crucial since AI development i...,14
3,P7177a4e6,It's crucial that light-touch regulation might stifle innovation - we need balanced approach.,It's crucial that light-touch regulation might stifle innovation - we need balan...,C2,Light-touch regulation might stifle innovation - we need bal...,15
3,P7521d8ab,Adaptive regulatory frameworks that evolve with AI capabilities. This is fundamentally important.,Adaptive regulatory frameworks that evolve with AI capabilities. This is fundame...,C6,Adaptive regulatory frameworks that evolve with AI capabilit...,14
3,P759aabf3,"From my perspective, self-regulation by industry has failed - government oversight is necessary.","From my perspective, self-regulation by industry has failed - government oversig...",C5,"From my perspective, self-regulation by industry has failed ...",14
3,P776d9aa7,Adaptive regulatory frameworks that evolve with AI capabilities. This is fundamentally important.,Adaptive regulatory frameworks that evolve with AI capabilities. This is fundame...,C6,Adaptive regulatory frameworks that evolve with AI capabilit...,14
3,P78eb7418,We must consider that light-touch regulation might stifle innovation - we need balanced approach.,We must consider that light-touch regulation might stifle innovation - we need b...,C2,Light-touch regulation might stifle innovation - we need bal...,15
3,P80b2eea9,International coordination is crucial since AI development is global. We cannot afford to ignore thi...,International coordination is crucial since AI development is global. We cannot ...,C3,International coordination is crucial since AI development i...,14
3,P8101b76c,Self-regulation by industry has failed - government oversight is necessary.,Self-regulation by industry has failed - government oversight is necessary.,C5,"From my perspective, self-regulation by industry has failed ...",14
3,P829cd464,Proactive regulation is essential to prevent harm before it occurs. This is fundamentally important.,Proactive regulation is essential to prevent harm before it occurs. This is fund...,C1,Proactive regulation is essential to prevent harm before it ...,15
3,P89a712c3,Proactive regulation is essential to prevent harm before it occurs. We cannot afford to ignore this.,Proactive regulation is essential to prevent harm before it occurs. We cannot af...,C1,Proactive regulation is essential to prevent harm before it ...,15
3,P8b0e855b,Proactive regulation is essential to prevent harm before it occurs. We cannot afford to ignore this.,Proactive regulation is essential to prevent harm before it occurs. We cannot af...,C1,Proactive regulation is essential to prevent harm before it ...,15
3,P91bf5e99,I believe self-regulation by industry has failed - government oversight is necessary.,I believe self-regulation by industry has failed - government oversight is neces...,C5,"From my perspective, self-regulation by industry has failed ...",14
3,P95e3153b,"From my perspective, focus on outcomes and harms rather than specific technical approaches.","From my perspective, focus on outcomes and harms rather than specific technical ...",C7,It's crucial that focus on outcomes and harms rather than sp...,14
3,P9d58b963,We must consider that adaptive regulatory frameworks that evolve with ai capabilities.,We must consider that adaptive regulatory frameworks that evolve with ai capabil...,C6,Adaptive regulatory frameworks that evolve with AI capabilit...,14
3,Pa1714937,International coordination is crucial since AI development is global. This is fundamentally importan...,International coordination is crucial since AI development is global. This is fu...,C3,International coordination is crucial since AI development i...,14
3,Pa1c63eed,"From my perspective, adaptive regulatory frameworks that evolve with ai capabilities.","From my perspective, adaptive regulatory frameworks that evolve with ai capabili...",C6,Adaptive regulatory frameworks that evolve with AI capabilit...,14
3,Pa4fccbf3,It's crucial that international coordination is crucial since ai development is global.,It's crucial that international coordination is crucial since ai development is ...,C3,International coordination is crucial since AI development i...,14
3,Pa88028c8,Focus on outcomes and harms rather than specific technical approaches.,Focus on outcomes and harms rather than specific technical approaches.,C7,It's crucial that focus on outcomes and harms rather than sp...,14
3,Pab885aa9,I believe adaptive regulatory frameworks that evolve with ai capabilities.,I believe adaptive regulatory frameworks that evolve with ai capabilities.,C6,Adaptive regulatory frameworks that evolve with AI capabilit...,14
3,Pb6a694e6,International coordination is crucial since AI development is global. This is fundamentally importan...,International coordination is crucial since AI development is global. This is fu...,C3,International coordination is crucial since AI development i...,14
3,Pb880c25e,"From my perspective, sector-specific regulations make more sense than one-size-fits-all rules.","From my perspective, sector-specific regulations make more sense than one-size-f...",C4,Sector-specific regulations make more sense than one-size-fi...,14
3,Pba96e22c,Sector-specific regulations make more sense than one-size-fits-all rules. This is fundamentally impo...,Sector-specific regulations make more sense than one-size-fits-all rules. This i...,C4,Sector-specific regulations make more sense than one-size-fi...,14
3,Pbaa47570,Sector-specific regulations make more sense than one-size-fits-all rules.,Sector-specific regulations make more sense than one-size-fits-all rules.,C4,Sector-specific regulations make more sense than one-size-fi...,14
3,Pbba0d4fb,"From my perspective, proactive regulation is essential to prevent harm before it occurs.","From my perspective, proactive regulation is essential to prevent harm before it...",C1,Proactive regulation is essential to prevent harm before it ...,15
3,Pc57acc64,We must consider that self-regulation by industry has failed - government oversight is necessary.,We must consider that self-regulation by industry has failed - government oversi...,C5,"From my perspective, self-regulation by industry has failed ...",14
3,Pc5878b4f,Focus on outcomes and harms rather than specific technical approaches. This is fundamentally importa...,Focus on outcomes and harms rather than specific technical approaches. This is f...,C7,It's crucial that focus on outcomes and harms rather than sp...,14
3,Pc6180062,"From my perspective, self-regulation by industry has failed - government oversight is necessary.","From my perspective, self-regulation by industry has failed - government oversig...",C5,"From my perspective, self-regulation by industry has failed ...",14
3,Pc7a83175,It's crucial that focus on outcomes and harms rather than specific technical approaches.,It's crucial that focus on outcomes and harms rather than specific technical app...,C7,It's crucial that focus on outcomes and harms rather than sp...,14
3,Pc88136a7,I believe focus on outcomes and harms rather than specific technical approaches.,I believe focus on outcomes and harms rather than specific technical approaches.,C7,It's crucial that focus on outcomes and harms rather than sp...,14
3,Pca4dcab8,It's crucial that light-touch regulation might stifle innovation - we need balanced approach.,It's crucial that light-touch regulation might stifle innovation - we need balan...,C2,Light-touch regulation might stifle innovation - we need bal...,15
3,Pcb77d9bd,International coordination is crucial since AI development is global. This is fundamentally importan...,International coordination is crucial since AI development is global. This is fu...,C3,International coordination is crucial since AI development i...,14
3,Pcdfdb02f,I believe sector-specific regulations make more sense than one-size-fits-all rules.,I believe sector-specific regulations make more sense than one-size-fits-all rul...,C4,Sector-specific regulations make more sense than one-size-fi...,14
3,Pcf2f7ae0,"From my perspective, focus on outcomes and harms rather than specific technical approaches.","From my perspective, focus on outcomes and harms rather than specific technical ...",C7,It's crucial that focus on outcomes and harms rather than sp...,14
3,Pd0dd922e,Sector-specific regulations make more sense than one-size-fits-all rules. We cannot afford to ignore...,Sector-specific regulations make more sense than one-size-fits-all rules. We can...,C4,Sector-specific regulations make more sense than one-size-fi...,14
3,Pd1580603,Adaptive regulatory frameworks that evolve with AI capabilities. We cannot afford to ignore this.,Adaptive regulatory frameworks that evolve with AI capabilities. We cannot affor...,C6,Adaptive regulatory frameworks that evolve with AI capabilit...,14
3,Pd210264b,International coordination is crucial since AI development is global. We cannot afford to ignore thi...,International coordination is crucial since AI development is global. We cannot ...,C3,International coordination is crucial since AI development i...,14
3,Pde8a4fa7,It's crucial that focus on outcomes and harms rather than specific technical approaches.,It's crucial that focus on outcomes and harms rather than specific technical app...,C7,It's crucial that focus on outcomes and harms rather than sp...,14
3,Pe18ff10f,It's crucial that adaptive regulatory frameworks that evolve with ai capabilities.,It's crucial that adaptive regulatory frameworks that evolve with ai capabilitie...,C6,Adaptive regulatory frameworks that evolve with AI capabilit...,14
3,Pe6bca442,It's crucial that focus on outcomes and harms rather than specific technical approaches.,It's crucial that focus on outcomes and harms rather than specific technical app...,C7,It's crucial that focus on outcomes and harms rather than sp...,14
3,Pe7b6d36b,Sector-specific regulations make more sense than one-size-fits-all rules.,Sector-specific regulations make more sense than one-size-fits-all rules.,C4,Sector-specific regulations make more sense than one-size-fi...,14
3,Pe818df3b,"From my perspective, self-regulation by industry has failed - government oversight is necessary.","From my perspective, self-regulation by industry has failed - government oversig...",C5,"From my perspective, self-regulation by industry has failed ...",14
3,Pf1016d97,Light-touch regulation might stifle innovation - we need balanced approach. This is fundamentally im...,Light-touch regulation might stifle innovation - we need balanced approach. This...,C2,Light-touch regulation might stifle innovation - we need bal...,15
3,Pf2549298,Adaptive regulatory frameworks that evolve with AI capabilities. We cannot afford to ignore this.,Adaptive regulatory frameworks that evolve with AI capabilities. We cannot affor...,C6,Adaptive regulatory frameworks that evolve with AI capabilit...,14
3,Pf3d98eca,Proactive regulation is essential to prevent harm before it occurs.,Proactive regulation is essential to prevent harm before it occurs.,C1,Proactive regulation is essential to prevent harm before it ...,15
3,Pfc1eaa27,Focus on outcomes and harms rather than specific technical approaches. This is fundamentally importa...,Focus on outcomes and harms rather than specific technical approaches. This is f...,C7,It's crucial that focus on outcomes and harms rather than sp...,14
3,Pfd091ffb,Proactive regulation is essential to prevent harm before it occurs.,Proactive regulation is essential to prevent harm before it occurs.,C1,Proactive regulation is essential to prevent harm before it ...,15
3,Pfda3da68,Light-touch regulation might stifle innovation - we need balanced approach.,Light-touch regulation might stifle innovation - we need balanced approach.,C2,Light-touch regulation might stifle innovation - we need bal...,15
3,Pfdacd6bf,Adaptive regulatory frameworks that evolve with AI capabilities. This is fundamentally important.,Adaptive regulatory frameworks that evolve with AI capabilities. This is fundame...,C6,Adaptive regulatory frameworks that evolve with AI capabilit...,14
7,P000a5484,It's crucial that cybersecurity protections against ai system manipulation.,It's crucial that cybersecurity protections against ai system manipulation.,C4,We must consider that cybersecurity protections against ai s...,14
7,P006937c9,Extensive testing and certification before deploying AI in infrastructure.,Extensive testing and certification before deploying AI in infrastructure.,C3,Extensive testing and certification before deploying AI in i...,14
7,P05e6a3a1,I believe critical systems need human-in-the-loop safeguards against ai failures.,I believe critical systems need human-in-the-loop safeguards against ai failures...,C2,"From my perspective, critical systems need human-in-the-loop...",15
7,P0661ec6e,AI in healthcare could save lives through better diagnosis and treatment.,AI in healthcare could save lives through better diagnosis and treatment.,C1,We must consider that ai in healthcare could save lives thro...,15
7,P0add2d06,I believe ai in healthcare could save lives through better diagnosis and treatment.,I believe ai in healthcare could save lives through better diagnosis and treatme...,C1,We must consider that ai in healthcare could save lives thro...,15
7,P0eb99b99,"From my perspective, cybersecurity protections against ai system manipulation.","From my perspective, cybersecurity protections against ai system manipulation.",C4,We must consider that cybersecurity protections against ai s...,14
7,P131f32c8,AI in healthcare could save lives through better diagnosis and treatment.,AI in healthcare could save lives through better diagnosis and treatment.,C1,We must consider that ai in healthcare could save lives thro...,15
7,P168f0c91,Cybersecurity protections against AI system manipulation. We cannot afford to ignore this.,Cybersecurity protections against AI system manipulation. We cannot afford to ig...,C4,We must consider that cybersecurity protections against ai s...,14
7,P190e6d95,Clear liability frameworks when AI systems fail in critical applications. This is fundamentally impo...,Clear liability frameworks when AI systems fail in critical applications. This i...,C5,"From my perspective, clear liability frameworks when ai syst...",14
7,P1b07fbdd,We must consider that cybersecurity protections against ai system manipulation.,We must consider that cybersecurity protections against ai system manipulation.,C4,We must consider that cybersecurity protections against ai s...,14
7,P1d73b124,"From my perspective, clear liability frameworks when ai systems fail in critical applications.","From my perspective, clear liability frameworks when ai systems fail in critical...",C5,"From my perspective, clear liability frameworks when ai syst...",14
7,P1ee3821a,"From my perspective, critical systems need human-in-the-loop safeguards against ai failures.","From my perspective, critical systems need human-in-the-loop safeguards against ...",C2,"From my perspective, critical systems need human-in-the-loop...",15
7,P20ce77ae,We must consider that critical systems need human-in-the-loop safeguards against ai failures.,We must consider that critical systems need human-in-the-loop safeguards against...,C2,"From my perspective, critical systems need human-in-the-loop...",15
7,P23224897,Critical systems need human-in-the-loop safeguards against AI failures.,Critical systems need human-in-the-loop safeguards against AI failures.,C2,"From my perspective, critical systems need human-in-the-loop...",15
7,P23c4a9b9,I believe ai in healthcare could save lives through better diagnosis and treatment.,I believe ai in healthcare could save lives through better diagnosis and treatme...,C1,We must consider that ai in healthcare could save lives thro...,15
7,P24fbff84,It's crucial that ai in healthcare could save lives through better diagnosis and treatment.,It's crucial that ai in healthcare could save lives through better diagnosis and...,C1,We must consider that ai in healthcare could save lives thro...,15
7,P2547830a,Gradual deployment with continuous monitoring and evaluation. This is fundamentally important.,Gradual deployment with continuous monitoring and evaluation. This is fundamenta...,C7,Gradual deployment with continuous monitoring and evaluation...,14
7,P262efb3e,Critical systems need human-in-the-loop safeguards against AI failures. We cannot afford to ignore t...,Critical systems need human-in-the-loop safeguards against AI failures. We canno...,C2,"From my perspective, critical systems need human-in-the-loop...",15
7,P27631a9f,Extensive testing and certification before deploying AI in infrastructure.,Extensive testing and certification before deploying AI in infrastructure.,C3,Extensive testing and certification before deploying AI in i...,14
7,P27f9b918,Clear liability frameworks when AI systems fail in critical applications. We cannot afford to ignore...,Clear liability frameworks when AI systems fail in critical applications. We can...,C5,"From my perspective, clear liability frameworks when ai syst...",14
7,P2cdb9814,Gradual deployment with continuous monitoring and evaluation.,Gradual deployment with continuous monitoring and evaluation.,C7,Gradual deployment with continuous monitoring and evaluation...,14
7,P2f985e95,It's crucial that extensive testing and certification before deploying ai in infrastructure.,It's crucial that extensive testing and certification before deploying ai in inf...,C3,Extensive testing and certification before deploying AI in i...,14
7,P31d67d3b,Gradual deployment with continuous monitoring and evaluation. We cannot afford to ignore this.,Gradual deployment with continuous monitoring and evaluation. We cannot afford t...,C7,Gradual deployment with continuous monitoring and evaluation...,14
7,P360e4eff,We must consider that extensive testing and certification before deploying ai in infrastructure.,We must consider that extensive testing and certification before deploying ai in...,C3,Extensive testing and certification before deploying AI in i...,14
7,P36cc190c,"From my perspective, critical systems need human-in-the-loop safeguards against ai failures.","From my perspective, critical systems need human-in-the-loop safeguards against ...",C2,"From my perspective, critical systems need human-in-the-loop...",15
7,P3836ca7d,Critical systems need human-in-the-loop safeguards against AI failures.,Critical systems need human-in-the-loop safeguards against AI failures.,C2,"From my perspective, critical systems need human-in-the-loop...",15
7,P3ae7e5c2,AI in healthcare could save lives through better diagnosis and treatment. We cannot afford to ignore...,AI in healthcare could save lives through better diagnosis and treatment. We can...,C1,We must consider that ai in healthcare could save lives thro...,15
7,P3b25a331,I believe critical systems need human-in-the-loop safeguards against ai failures.,I believe critical systems need human-in-the-loop safeguards against ai failures...,C2,"From my perspective, critical systems need human-in-the-loop...",15
7,P3ff5b54c,It's crucial that benefits could be enormous but risks require careful management.,It's crucial that benefits could be enormous but risks require careful managemen...,C6,Benefits could be enormous but risks require careful managem...,14
7,P4395a771,Extensive testing and certification before deploying AI in infrastructure. This is fundamentally imp...,Extensive testing and certification before deploying AI in infrastructure. This ...,C3,Extensive testing and certification before deploying AI in i...,14
7,P497d37fe,AI in healthcare could save lives through better diagnosis and treatment. We cannot afford to ignore...,AI in healthcare could save lives through better diagnosis and treatment. We can...,C1,We must consider that ai in healthcare could save lives thro...,15
7,P4adeb1de,Benefits could be enormous but risks require careful management.,Benefits could be enormous but risks require careful management.,C6,Benefits could be enormous but risks require careful managem...,14
7,P4c05e249,"From my perspective, gradual deployment with continuous monitoring and evaluation.","From my perspective, gradual deployment with continuous monitoring and evaluatio...",C7,Gradual deployment with continuous monitoring and evaluation...,14
7,P4e8e9b9c,Benefits could be enormous but risks require careful management. This is fundamentally important.,Benefits could be enormous but risks require careful management. This is fundame...,C6,Benefits could be enormous but risks require careful managem...,14
7,P504d565a,Cybersecurity protections against AI system manipulation. We cannot afford to ignore this.,Cybersecurity protections against AI system manipulation. We cannot afford to ig...,C4,We must consider that cybersecurity protections against ai s...,14
7,P512efe84,"From my perspective, critical systems need human-in-the-loop safeguards against ai failures.","From my perspective, critical systems need human-in-the-loop safeguards against ...",C2,"From my perspective, critical systems need human-in-the-loop...",15
7,P51892015,We must consider that clear liability frameworks when ai systems fail in critical applications.,We must consider that clear liability frameworks when ai systems fail in critica...,C5,"From my perspective, clear liability frameworks when ai syst...",14
7,P5682fc21,I believe cybersecurity protections against ai system manipulation.,I believe cybersecurity protections against ai system manipulation.,C4,We must consider that cybersecurity protections against ai s...,14
7,P57cb6f7e,Cybersecurity protections against AI system manipulation. We cannot afford to ignore this.,Cybersecurity protections against AI system manipulation. We cannot afford to ig...,C4,We must consider that cybersecurity protections against ai s...,14
7,P5b8664a6,It's crucial that benefits could be enormous but risks require careful management.,It's crucial that benefits could be enormous but risks require careful managemen...,C6,Benefits could be enormous but risks require careful managem...,14
7,P5c65416c,"From my perspective, clear liability frameworks when ai systems fail in critical applications.","From my perspective, clear liability frameworks when ai systems fail in critical...",C5,"From my perspective, clear liability frameworks when ai syst...",14
7,P5cf072e0,We must consider that critical systems need human-in-the-loop safeguards against ai failures.,We must consider that critical systems need human-in-the-loop safeguards against...,C2,"From my perspective, critical systems need human-in-the-loop...",15
7,P5f408b6f,It's crucial that extensive testing and certification before deploying ai in infrastructure.,It's crucial that extensive testing and certification before deploying ai in inf...,C3,Extensive testing and certification before deploying AI in i...,14
7,P61887846,Clear liability frameworks when AI systems fail in critical applications.,Clear liability frameworks when AI systems fail in critical applications.,C5,"From my perspective, clear liability frameworks when ai syst...",14
7,P61ecbb02,Cybersecurity protections against AI system manipulation.,Cybersecurity protections against AI system manipulation.,C4,We must consider that cybersecurity protections against ai s...,14
7,P63e59170,Extensive testing and certification before deploying AI in infrastructure.,Extensive testing and certification before deploying AI in infrastructure.,C3,Extensive testing and certification before deploying AI in i...,14
7,P64995125,Clear liability frameworks when AI systems fail in critical applications. This is fundamentally impo...,Clear liability frameworks when AI systems fail in critical applications. This i...,C5,"From my perspective, clear liability frameworks when ai syst...",14
7,P6639a427,Gradual deployment with continuous monitoring and evaluation. We cannot afford to ignore this.,Gradual deployment with continuous monitoring and evaluation. We cannot afford t...,C7,Gradual deployment with continuous monitoring and evaluation...,14
7,P6824dbe6,"From my perspective, clear liability frameworks when ai systems fail in critical applications.","From my perspective, clear liability frameworks when ai systems fail in critical...",C5,"From my perspective, clear liability frameworks when ai syst...",14
7,P6b22ea83,It's crucial that benefits could be enormous but risks require careful management.,It's crucial that benefits could be enormous but risks require careful managemen...,C6,Benefits could be enormous but risks require careful managem...,14
7,P6c5d2547,AI in healthcare could save lives through better diagnosis and treatment.,AI in healthcare could save lives through better diagnosis and treatment.,C1,We must consider that ai in healthcare could save lives thro...,15
7,P6d2a23b9,We must consider that ai in healthcare could save lives through better diagnosis and treatment.,We must consider that ai in healthcare could save lives through better diagnosis...,C1,We must consider that ai in healthcare could save lives thro...,15
7,P71764af9,We must consider that extensive testing and certification before deploying ai in infrastructure.,We must consider that extensive testing and certification before deploying ai in...,C3,Extensive testing and certification before deploying AI in i...,14
7,P7177a4e6,Critical systems need human-in-the-loop safeguards against AI failures.,Critical systems need human-in-the-loop safeguards against AI failures.,C2,"From my perspective, critical systems need human-in-the-loop...",15
7,P7521d8ab,Benefits could be enormous but risks require careful management. We cannot afford to ignore this.,Benefits could be enormous but risks require careful management. We cannot affor...,C6,Benefits could be enormous but risks require careful managem...,14
7,P759aabf3,Clear liability frameworks when AI systems fail in critical applications. This is fundamentally impo...,Clear liability frameworks when AI systems fail in critical applications. This i...,C5,"From my perspective, clear liability frameworks when ai syst...",14
7,P776d9aa7,Benefits could be enormous but risks require careful management. This is fundamentally important.,Benefits could be enormous but risks require careful management. This is fundame...,C6,Benefits could be enormous but risks require careful managem...,14
7,P78eb7418,Critical systems need human-in-the-loop safeguards against AI failures.,Critical systems need human-in-the-loop safeguards against AI failures.,C2,"From my perspective, critical systems need human-in-the-loop...",15
7,P80b2eea9,I believe extensive testing and certification before deploying ai in infrastructure.,I believe extensive testing and certification before deploying ai in infrastruct...,C3,Extensive testing and certification before deploying AI in i...,14
7,P8101b76c,I believe clear liability frameworks when ai systems fail in critical applications.,I believe clear liability frameworks when ai systems fail in critical applicatio...,C5,"From my perspective, clear liability frameworks when ai syst...",14
7,P829cd464,AI in healthcare could save lives through better diagnosis and treatment.,AI in healthcare could save lives through better diagnosis and treatment.,C1,We must consider that ai in healthcare could save lives thro...,15
7,P89a712c3,AI in healthcare could save lives through better diagnosis and treatment. This is fundamentally impo...,AI in healthcare could save lives through better diagnosis and treatment. This i...,C1,We must consider that ai in healthcare could save lives thro...,15
7,P8b0e855b,We must consider that ai in healthcare could save lives through better diagnosis and treatment.,We must consider that ai in healthcare could save lives through better diagnosis...,C1,We must consider that ai in healthcare could save lives thro...,15
7,P91bf5e99,Clear liability frameworks when AI systems fail in critical applications. This is fundamentally impo...,Clear liability frameworks when AI systems fail in critical applications. This i...,C5,"From my perspective, clear liability frameworks when ai syst...",14
7,P95e3153b,Gradual deployment with continuous monitoring and evaluation. We cannot afford to ignore this.,Gradual deployment with continuous monitoring and evaluation. We cannot afford t...,C7,Gradual deployment with continuous monitoring and evaluation...,14
7,P9d58b963,It's crucial that benefits could be enormous but risks require careful management.,It's crucial that benefits could be enormous but risks require careful managemen...,C6,Benefits could be enormous but risks require careful managem...,14
7,Pa1714937,We must consider that extensive testing and certification before deploying ai in infrastructure.,We must consider that extensive testing and certification before deploying ai in...,C3,Extensive testing and certification before deploying AI in i...,14
7,Pa1c63eed,Benefits could be enormous but risks require careful management.,Benefits could be enormous but risks require careful management.,C6,Benefits could be enormous but risks require careful managem...,14
7,Pa4fccbf3,Extensive testing and certification before deploying AI in infrastructure. This is fundamentally imp...,Extensive testing and certification before deploying AI in infrastructure. This ...,C3,Extensive testing and certification before deploying AI in i...,14
7,Pa88028c8,We must consider that gradual deployment with continuous monitoring and evaluation.,We must consider that gradual deployment with continuous monitoring and evaluati...,C7,Gradual deployment with continuous monitoring and evaluation...,14
7,Pab885aa9,I believe benefits could be enormous but risks require careful management.,I believe benefits could be enormous but risks require careful management.,C6,Benefits could be enormous but risks require careful managem...,14
7,Pb6a694e6,Extensive testing and certification before deploying AI in infrastructure. This is fundamentally imp...,Extensive testing and certification before deploying AI in infrastructure. This ...,C3,Extensive testing and certification before deploying AI in i...,14
7,Pb880c25e,Cybersecurity protections against AI system manipulation. We cannot afford to ignore this.,Cybersecurity protections against AI system manipulation. We cannot afford to ig...,C4,We must consider that cybersecurity protections against ai s...,14
7,Pba96e22c,Cybersecurity protections against AI system manipulation. This is fundamentally important.,Cybersecurity protections against AI system manipulation. This is fundamentally ...,C4,We must consider that cybersecurity protections against ai s...,14
7,Pbaa47570,We must consider that cybersecurity protections against ai system manipulation.,We must consider that cybersecurity protections against ai system manipulation.,C4,We must consider that cybersecurity protections against ai s...,14
7,Pbba0d4fb,It's crucial that ai in healthcare could save lives through better diagnosis and treatment.,It's crucial that ai in healthcare could save lives through better diagnosis and...,C1,We must consider that ai in healthcare could save lives thro...,15
7,Pc57acc64,Clear liability frameworks when AI systems fail in critical applications. We cannot afford to ignore...,Clear liability frameworks when AI systems fail in critical applications. We can...,C5,"From my perspective, clear liability frameworks when ai syst...",14
7,Pc5878b4f,Gradual deployment with continuous monitoring and evaluation.,Gradual deployment with continuous monitoring and evaluation.,C7,Gradual deployment with continuous monitoring and evaluation...,14
7,Pc6180062,I believe clear liability frameworks when ai systems fail in critical applications.,I believe clear liability frameworks when ai systems fail in critical applicatio...,C5,"From my perspective, clear liability frameworks when ai syst...",14
7,Pc7a83175,It's crucial that gradual deployment with continuous monitoring and evaluation.,It's crucial that gradual deployment with continuous monitoring and evaluation.,C7,Gradual deployment with continuous monitoring and evaluation...,14
7,Pc88136a7,Gradual deployment with continuous monitoring and evaluation. This is fundamentally important.,Gradual deployment with continuous monitoring and evaluation. This is fundamenta...,C7,Gradual deployment with continuous monitoring and evaluation...,14
7,Pca4dcab8,It's crucial that critical systems need human-in-the-loop safeguards against ai failures.,It's crucial that critical systems need human-in-the-loop safeguards against ai ...,C2,"From my perspective, critical systems need human-in-the-loop...",15
7,Pcb77d9bd,Extensive testing and certification before deploying AI in infrastructure. This is fundamentally imp...,Extensive testing and certification before deploying AI in infrastructure. This ...,C3,Extensive testing and certification before deploying AI in i...,14
7,Pcdfdb02f,I believe cybersecurity protections against ai system manipulation.,I believe cybersecurity protections against ai system manipulation.,C4,We must consider that cybersecurity protections against ai s...,14
7,Pcf2f7ae0,Gradual deployment with continuous monitoring and evaluation. We cannot afford to ignore this.,Gradual deployment with continuous monitoring and evaluation. We cannot afford t...,C7,Gradual deployment with continuous monitoring and evaluation...,14
7,Pd0dd922e,I believe cybersecurity protections against ai system manipulation.,I believe cybersecurity protections against ai system manipulation.,C4,We must consider that cybersecurity protections against ai s...,14
7,Pd1580603,Benefits could be enormous but risks require careful management.,Benefits could be enormous but risks require careful management.,C6,Benefits could be enormous but risks require careful managem...,14
7,Pd210264b,Extensive testing and certification before deploying AI in infrastructure. This is fundamentally imp...,Extensive testing and certification before deploying AI in infrastructure. This ...,C3,Extensive testing and certification before deploying AI in i...,14
7,Pde8a4fa7,Gradual deployment with continuous monitoring and evaluation. We cannot afford to ignore this.,Gradual deployment with continuous monitoring and evaluation. We cannot afford t...,C7,Gradual deployment with continuous monitoring and evaluation...,14
7,Pe18ff10f,Benefits could be enormous but risks require careful management.,Benefits could be enormous but risks require careful management.,C6,Benefits could be enormous but risks require careful managem...,14
7,Pe6bca442,"From my perspective, gradual deployment with continuous monitoring and evaluation.","From my perspective, gradual deployment with continuous monitoring and evaluatio...",C7,Gradual deployment with continuous monitoring and evaluation...,14
7,Pe7b6d36b,Cybersecurity protections against AI system manipulation. This is fundamentally important.,Cybersecurity protections against AI system manipulation. This is fundamentally ...,C4,We must consider that cybersecurity protections against ai s...,14
7,Pe818df3b,Clear liability frameworks when AI systems fail in critical applications. This is fundamentally impo...,Clear liability frameworks when AI systems fail in critical applications. This i...,C5,"From my perspective, clear liability frameworks when ai syst...",14
7,Pf1016d97,I believe critical systems need human-in-the-loop safeguards against ai failures.,I believe critical systems need human-in-the-loop safeguards against ai failures...,C2,"From my perspective, critical systems need human-in-the-loop...",15
7,Pf2549298,It's crucial that benefits could be enormous but risks require careful management.,It's crucial that benefits could be enormous but risks require careful managemen...,C6,Benefits could be enormous but risks require careful managem...,14
7,Pf3d98eca,"From my perspective, ai in healthcare could save lives through better diagnosis and treatment.","From my perspective, ai in healthcare could save lives through better diagnosis ...",C1,We must consider that ai in healthcare could save lives thro...,15
7,Pfc1eaa27,"From my perspective, gradual deployment with continuous monitoring and evaluation.","From my perspective, gradual deployment with continuous monitoring and evaluatio...",C7,Gradual deployment with continuous monitoring and evaluation...,14
7,Pfd091ffb,We must consider that ai in healthcare could save lives through better diagnosis and treatment.,We must consider that ai in healthcare could save lives through better diagnosis...,C1,We must consider that ai in healthcare could save lives thro...,15
7,Pfda3da68,"From my perspective, critical systems need human-in-the-loop safeguards against ai failures.","From my perspective, critical systems need human-in-the-loop safeguards against ...",C2,"From my perspective, critical systems need human-in-the-loop...",15
7,Pfdacd6bf,Benefits could be enormous but risks require careful management. This is fundamentally important.,Benefits could be enormous but risks require careful management. This is fundame...,C6,Benefits could be enormous but risks require careful managem...,14
8,P000a5484,"From my perspective, address digital divide in internet and computing access first.","From my perspective, address digital divide in internet and computing access fir...",C4,Address digital divide in internet and computing access firs...,14
8,P006937c9,"From my perspective, international funding for ai infrastructure in underserved regions.","From my perspective, international funding for ai infrastructure in underserved ...",C3,"From my perspective, international funding for ai infrastruc...",14
8,P05e6a3a1,We must consider that open-source ai tools can democratize access globally.,We must consider that open-source ai tools can democratize access globally.,C2,Open-source AI tools can democratize access globally. This i...,15
8,P0661ec6e,"From my perspective, technology transfer and capacity building in developing nations essential.","From my perspective, technology transfer and capacity building in developing nat...",C1,Technology transfer and capacity building in developing nati...,15
8,P0add2d06,I believe technology transfer and capacity building in developing nations essential.,I believe technology transfer and capacity building in developing nations essent...,C1,Technology transfer and capacity building in developing nati...,15
8,P0eb99b99,It's crucial that address digital divide in internet and computing access first.,It's crucial that address digital divide in internet and computing access first.,C4,Address digital divide in internet and computing access firs...,14
8,P131f32c8,Technology transfer and capacity building in developing nations essential.,Technology transfer and capacity building in developing nations essential.,C1,Technology transfer and capacity building in developing nati...,15
8,P168f0c91,Address digital divide in internet and computing access first. This is fundamentally important.,Address digital divide in internet and computing access first. This is fundament...,C4,Address digital divide in internet and computing access firs...,14
8,P190e6d95,Local language and cultural considerations in AI development. We cannot afford to ignore this.,Local language and cultural considerations in AI development. We cannot afford t...,C5,Local language and cultural considerations in AI development...,14
8,P1b07fbdd,I believe address digital divide in internet and computing access first.,I believe address digital divide in internet and computing access first.,C4,Address digital divide in internet and computing access firs...,14
8,P1d73b124,I believe local language and cultural considerations in ai development.,I believe local language and cultural considerations in ai development.,C5,Local language and cultural considerations in AI development...,14
8,P1ee3821a,"From my perspective, open-source ai tools can democratize access globally.","From my perspective, open-source ai tools can democratize access globally.",C2,Open-source AI tools can democratize access globally. This i...,15
8,P20ce77ae,It's crucial that open-source ai tools can democratize access globally.,It's crucial that open-source ai tools can democratize access globally.,C2,Open-source AI tools can democratize access globally. This i...,15
8,P23224897,We must consider that open-source ai tools can democratize access globally.,We must consider that open-source ai tools can democratize access globally.,C2,Open-source AI tools can democratize access globally. This i...,15
8,P23c4a9b9,It's crucial that technology transfer and capacity building in developing nations essential.,It's crucial that technology transfer and capacity building in developing nation...,C1,Technology transfer and capacity building in developing nati...,15
8,P24fbff84,Technology transfer and capacity building in developing nations essential. We cannot afford to ignor...,Technology transfer and capacity building in developing nations essential. We ca...,C1,Technology transfer and capacity building in developing nati...,15
8,P2547830a,"From my perspective, global ai governance should include voices from all nations equally.","From my perspective, global ai governance should include voices from all nations...",C7,We must consider that global ai governance should include vo...,14
8,P262efb3e,Open-source AI tools can democratize access globally. This is fundamentally important.,Open-source AI tools can democratize access globally. This is fundamentally impo...,C2,Open-source AI tools can democratize access globally. This i...,15
8,P27631a9f,I believe international funding for ai infrastructure in underserved regions.,I believe international funding for ai infrastructure in underserved regions.,C3,"From my perspective, international funding for ai infrastruc...",14
8,P27f9b918,It's crucial that local language and cultural considerations in ai development.,It's crucial that local language and cultural considerations in ai development.,C5,Local language and cultural considerations in AI development...,14
8,P2cdb9814,We must consider that global ai governance should include voices from all nations equally.,We must consider that global ai governance should include voices from all nation...,C7,We must consider that global ai governance should include vo...,14
8,P2f985e95,"From my perspective, international funding for ai infrastructure in underserved regions.","From my perspective, international funding for ai infrastructure in underserved ...",C3,"From my perspective, international funding for ai infrastruc...",14
8,P31d67d3b,Global AI governance should include voices from all nations equally. We cannot afford to ignore this...,Global AI governance should include voices from all nations equally. We cannot a...,C7,We must consider that global ai governance should include vo...,14
8,P360e4eff,We must consider that international funding for ai infrastructure in underserved regions.,We must consider that international funding for ai infrastructure in underserved...,C3,"From my perspective, international funding for ai infrastruc...",14
8,P36cc190c,Open-source AI tools can democratize access globally. This is fundamentally important.,Open-source AI tools can democratize access globally. This is fundamentally impo...,C2,Open-source AI tools can democratize access globally. This i...,15
8,P3836ca7d,It's crucial that open-source ai tools can democratize access globally.,It's crucial that open-source ai tools can democratize access globally.,C2,Open-source AI tools can democratize access globally. This i...,15
8,P3ae7e5c2,Technology transfer and capacity building in developing nations essential. This is fundamentally imp...,Technology transfer and capacity building in developing nations essential. This ...,C1,Technology transfer and capacity building in developing nati...,15
8,P3b25a331,Open-source AI tools can democratize access globally. This is fundamentally important.,Open-source AI tools can democratize access globally. This is fundamentally impo...,C2,Open-source AI tools can democratize access globally. This i...,15
8,P3ff5b54c,We must consider that prevent brain drain by supporting ai research in all countries.,We must consider that prevent brain drain by supporting ai research in all count...,C6,We must consider that prevent brain drain by supporting ai r...,14
8,P4395a771,International funding for AI infrastructure in underserved regions. This is fundamentally important.,International funding for AI infrastructure in underserved regions. This is fund...,C3,"From my perspective, international funding for ai infrastruc...",14
8,P497d37fe,"From my perspective, technology transfer and capacity building in developing nations essential.","From my perspective, technology transfer and capacity building in developing nat...",C1,Technology transfer and capacity building in developing nati...,15
8,P4adeb1de,We must consider that prevent brain drain by supporting ai research in all countries.,We must consider that prevent brain drain by supporting ai research in all count...,C6,We must consider that prevent brain drain by supporting ai r...,14
8,P4c05e249,Global AI governance should include voices from all nations equally. This is fundamentally important...,Global AI governance should include voices from all nations equally. This is fun...,C7,We must consider that global ai governance should include vo...,14
8,P4e8e9b9c,It's crucial that prevent brain drain by supporting ai research in all countries.,It's crucial that prevent brain drain by supporting ai research in all countries...,C6,We must consider that prevent brain drain by supporting ai r...,14
8,P504d565a,Address digital divide in internet and computing access first. We cannot afford to ignore this.,Address digital divide in internet and computing access first. We cannot afford ...,C4,Address digital divide in internet and computing access firs...,14
8,P512efe84,We must consider that open-source ai tools can democratize access globally.,We must consider that open-source ai tools can democratize access globally.,C2,Open-source AI tools can democratize access globally. This i...,15
8,P51892015,Local language and cultural considerations in AI development.,Local language and cultural considerations in AI development.,C5,Local language and cultural considerations in AI development...,14
8,P5682fc21,Address digital divide in internet and computing access first.,Address digital divide in internet and computing access first.,C4,Address digital divide in internet and computing access firs...,14
8,P57cb6f7e,We must consider that address digital divide in internet and computing access first.,We must consider that address digital divide in internet and computing access fi...,C4,Address digital divide in internet and computing access firs...,14
8,P5b8664a6,Prevent brain drain by supporting AI research in all countries. This is fundamentally important.,Prevent brain drain by supporting AI research in all countries. This is fundamen...,C6,We must consider that prevent brain drain by supporting ai r...,14
8,P5c65416c,Local language and cultural considerations in AI development. This is fundamentally important.,Local language and cultural considerations in AI development. This is fundamenta...,C5,Local language and cultural considerations in AI development...,14
8,P5cf072e0,It's crucial that open-source ai tools can democratize access globally.,It's crucial that open-source ai tools can democratize access globally.,C2,Open-source AI tools can democratize access globally. This i...,15
8,P5f408b6f,I believe international funding for ai infrastructure in underserved regions.,I believe international funding for ai infrastructure in underserved regions.,C3,"From my perspective, international funding for ai infrastruc...",14
8,P61887846,Local language and cultural considerations in AI development. We cannot afford to ignore this.,Local language and cultural considerations in AI development. We cannot afford t...,C5,Local language and cultural considerations in AI development...,14
8,P61ecbb02,It's crucial that address digital divide in internet and computing access first.,It's crucial that address digital divide in internet and computing access first.,C4,Address digital divide in internet and computing access firs...,14
8,P63e59170,"From my perspective, international funding for ai infrastructure in underserved regions.","From my perspective, international funding for ai infrastructure in underserved ...",C3,"From my perspective, international funding for ai infrastruc...",14
8,P64995125,I believe local language and cultural considerations in ai development.,I believe local language and cultural considerations in ai development.,C5,Local language and cultural considerations in AI development...,14
8,P6639a427,Global AI governance should include voices from all nations equally.,Global AI governance should include voices from all nations equally.,C7,We must consider that global ai governance should include vo...,14
8,P6824dbe6,Local language and cultural considerations in AI development.,Local language and cultural considerations in AI development.,C5,Local language and cultural considerations in AI development...,14
8,P6b22ea83,Prevent brain drain by supporting AI research in all countries. This is fundamentally important.,Prevent brain drain by supporting AI research in all countries. This is fundamen...,C6,We must consider that prevent brain drain by supporting ai r...,14
8,P6c5d2547,"From my perspective, technology transfer and capacity building in developing nations essential.","From my perspective, technology transfer and capacity building in developing nat...",C1,Technology transfer and capacity building in developing nati...,15
8,P6d2a23b9,Technology transfer and capacity building in developing nations essential. This is fundamentally imp...,Technology transfer and capacity building in developing nations essential. This ...,C1,Technology transfer and capacity building in developing nati...,15
8,P71764af9,We must consider that international funding for ai infrastructure in underserved regions.,We must consider that international funding for ai infrastructure in underserved...,C3,"From my perspective, international funding for ai infrastruc...",14
8,P7177a4e6,"From my perspective, open-source ai tools can democratize access globally.","From my perspective, open-source ai tools can democratize access globally.",C2,Open-source AI tools can democratize access globally. This i...,15
8,P7521d8ab,Prevent brain drain by supporting AI research in all countries. We cannot afford to ignore this.,Prevent brain drain by supporting AI research in all countries. We cannot afford...,C6,We must consider that prevent brain drain by supporting ai r...,14
8,P759aabf3,"From my perspective, local language and cultural considerations in ai development.","From my perspective, local language and cultural considerations in ai developmen...",C5,Local language and cultural considerations in AI development...,14
8,P776d9aa7,We must consider that prevent brain drain by supporting ai research in all countries.,We must consider that prevent brain drain by supporting ai research in all count...,C6,We must consider that prevent brain drain by supporting ai r...,14
8,P78eb7418,I believe open-source ai tools can democratize access globally.,I believe open-source ai tools can democratize access globally.,C2,Open-source AI tools can democratize access globally. This i...,15
8,P80b2eea9,International funding for AI infrastructure in underserved regions. We cannot afford to ignore this.,International funding for AI infrastructure in underserved regions. We cannot af...,C3,"From my perspective, international funding for ai infrastruc...",14
8,P8101b76c,We must consider that local language and cultural considerations in ai development.,We must consider that local language and cultural considerations in ai developme...,C5,Local language and cultural considerations in AI development...,14
8,P829cd464,Technology transfer and capacity building in developing nations essential. We cannot afford to ignor...,Technology transfer and capacity building in developing nations essential. We ca...,C1,Technology transfer and capacity building in developing nati...,15
8,P89a712c3,Technology transfer and capacity building in developing nations essential. This is fundamentally imp...,Technology transfer and capacity building in developing nations essential. This ...,C1,Technology transfer and capacity building in developing nati...,15
8,P8b0e855b,"From my perspective, technology transfer and capacity building in developing nations essential.","From my perspective, technology transfer and capacity building in developing nat...",C1,Technology transfer and capacity building in developing nati...,15
8,P91bf5e99,Local language and cultural considerations in AI development.,Local language and cultural considerations in AI development.,C5,Local language and cultural considerations in AI development...,14
8,P95e3153b,I believe global ai governance should include voices from all nations equally.,I believe global ai governance should include voices from all nations equally.,C7,We must consider that global ai governance should include vo...,14
8,P9d58b963,It's crucial that prevent brain drain by supporting ai research in all countries.,It's crucial that prevent brain drain by supporting ai research in all countries...,C6,We must consider that prevent brain drain by supporting ai r...,14
8,Pa1714937,We must consider that international funding for ai infrastructure in underserved regions.,We must consider that international funding for ai infrastructure in underserved...,C3,"From my perspective, international funding for ai infrastruc...",14
8,Pa1c63eed,Prevent brain drain by supporting AI research in all countries. This is fundamentally important.,Prevent brain drain by supporting AI research in all countries. This is fundamen...,C6,We must consider that prevent brain drain by supporting ai r...,14
8,Pa4fccbf3,International funding for AI infrastructure in underserved regions. We cannot afford to ignore this.,International funding for AI infrastructure in underserved regions. We cannot af...,C3,"From my perspective, international funding for ai infrastruc...",14
8,Pa88028c8,Global AI governance should include voices from all nations equally.,Global AI governance should include voices from all nations equally.,C7,We must consider that global ai governance should include vo...,14
8,Pab885aa9,We must consider that prevent brain drain by supporting ai research in all countries.,We must consider that prevent brain drain by supporting ai research in all count...,C6,We must consider that prevent brain drain by supporting ai r...,14
8,Pb6a694e6,It's crucial that international funding for ai infrastructure in underserved regions.,It's crucial that international funding for ai infrastructure in underserved reg...,C3,"From my perspective, international funding for ai infrastruc...",14
8,Pb880c25e,Address digital divide in internet and computing access first. This is fundamentally important.,Address digital divide in internet and computing access first. This is fundament...,C4,Address digital divide in internet and computing access firs...,14
8,Pba96e22c,I believe address digital divide in internet and computing access first.,I believe address digital divide in internet and computing access first.,C4,Address digital divide in internet and computing access firs...,14
8,Pbaa47570,Address digital divide in internet and computing access first.,Address digital divide in internet and computing access first.,C4,Address digital divide in internet and computing access firs...,14
8,Pbba0d4fb,We must consider that technology transfer and capacity building in developing nations essential.,We must consider that technology transfer and capacity building in developing na...,C1,Technology transfer and capacity building in developing nati...,15
8,Pc57acc64,"From my perspective, local language and cultural considerations in ai development.","From my perspective, local language and cultural considerations in ai developmen...",C5,Local language and cultural considerations in AI development...,14
8,Pc5878b4f,I believe global ai governance should include voices from all nations equally.,I believe global ai governance should include voices from all nations equally.,C7,We must consider that global ai governance should include vo...,14
8,Pc6180062,Local language and cultural considerations in AI development.,Local language and cultural considerations in AI development.,C5,Local language and cultural considerations in AI development...,14
8,Pc7a83175,We must consider that global ai governance should include voices from all nations equally.,We must consider that global ai governance should include voices from all nation...,C7,We must consider that global ai governance should include vo...,14
8,Pc88136a7,Global AI governance should include voices from all nations equally.,Global AI governance should include voices from all nations equally.,C7,We must consider that global ai governance should include vo...,14
8,Pca4dcab8,Open-source AI tools can democratize access globally. We cannot afford to ignore this.,Open-source AI tools can democratize access globally. We cannot afford to ignore...,C2,Open-source AI tools can democratize access globally. This i...,15
8,Pcb77d9bd,International funding for AI infrastructure in underserved regions. This is fundamentally important.,International funding for AI infrastructure in underserved regions. This is fund...,C3,"From my perspective, international funding for ai infrastruc...",14
8,Pcdfdb02f,It's crucial that address digital divide in internet and computing access first.,It's crucial that address digital divide in internet and computing access first.,C4,Address digital divide in internet and computing access firs...,14
8,Pcf2f7ae0,Global AI governance should include voices from all nations equally.,Global AI governance should include voices from all nations equally.,C7,We must consider that global ai governance should include vo...,14
8,Pd0dd922e,Address digital divide in internet and computing access first.,Address digital divide in internet and computing access first.,C4,Address digital divide in internet and computing access firs...,14
8,Pd1580603,Prevent brain drain by supporting AI research in all countries. We cannot afford to ignore this.,Prevent brain drain by supporting AI research in all countries. We cannot afford...,C6,We must consider that prevent brain drain by supporting ai r...,14
8,Pd210264b,It's crucial that international funding for ai infrastructure in underserved regions.,It's crucial that international funding for ai infrastructure in underserved reg...,C3,"From my perspective, international funding for ai infrastruc...",14
8,Pde8a4fa7,I believe global ai governance should include voices from all nations equally.,I believe global ai governance should include voices from all nations equally.,C7,We must consider that global ai governance should include vo...,14
8,Pe18ff10f,Prevent brain drain by supporting AI research in all countries. We cannot afford to ignore this.,Prevent brain drain by supporting AI research in all countries. We cannot afford...,C6,We must consider that prevent brain drain by supporting ai r...,14
8,Pe6bca442,Global AI governance should include voices from all nations equally. This is fundamentally important...,Global AI governance should include voices from all nations equally. This is fun...,C7,We must consider that global ai governance should include vo...,14
8,Pe7b6d36b,Address digital divide in internet and computing access first. We cannot afford to ignore this.,Address digital divide in internet and computing access first. We cannot afford ...,C4,Address digital divide in internet and computing access firs...,14
8,Pe818df3b,Local language and cultural considerations in AI development. This is fundamentally important.,Local language and cultural considerations in AI development. This is fundamenta...,C5,Local language and cultural considerations in AI development...,14
8,Pf1016d97,Open-source AI tools can democratize access globally. This is fundamentally important.,Open-source AI tools can democratize access globally. This is fundamentally impo...,C2,Open-source AI tools can democratize access globally. This i...,15
8,Pf2549298,Prevent brain drain by supporting AI research in all countries.,Prevent brain drain by supporting AI research in all countries.,C6,We must consider that prevent brain drain by supporting ai r...,14
8,Pf3d98eca,Technology transfer and capacity building in developing nations essential.,Technology transfer and capacity building in developing nations essential.,C1,Technology transfer and capacity building in developing nati...,15
8,Pfc1eaa27,We must consider that global ai governance should include voices from all nations equally.,We must consider that global ai governance should include voices from all nation...,C7,We must consider that global ai governance should include vo...,14
8,Pfd091ffb,I believe technology transfer and capacity building in developing nations essential.,I believe technology transfer and capacity building in developing nations essent...,C1,Technology transfer and capacity building in developing nati...,15
8,Pfda3da68,Open-source AI tools can democratize access globally. This is fundamentally important.,Open-source AI tools can democratize access globally. This is fundamentally impo...,C2,Open-source AI tools can democratize access globally. This i...,15
8,Pfdacd6bf,We must consider that prevent brain drain by supporting ai research in all countries.,We must consider that prevent brain drain by supporting ai research in all count...,C6,We must consider that prevent brain drain by supporting ai r...,14
1,P000a5484,We must consider that privacy protection is essential - ai shouldn't compromise individual data righ...,We must consider that privacy protection is essential - ai shouldn't compromise ...,C4,We must consider that privacy protection is essential - ai s...,14
1,P006937c9,Fairness and non-discrimination should be built into AI from the ground up. This is fundamentally im...,Fairness and non-discrimination should be built into AI from the ground up. This...,C3,Fairness and non-discrimination should be built into AI from...,14
1,P05e6a3a1,It's crucial that human oversight and accountability should be mandatory for all critical ai systems...,It's crucial that human oversight and accountability should be mandatory for all...,C2,It's crucial that human oversight and accountability should ...,15
1,P0661ec6e,"From my perspective, transparency must be the foundation - we need to understand how ai makes decisi...","From my perspective, transparency must be the foundation - we need to understand...",C1,It's crucial that transparency must be the foundation - we n...,15
1,P0add2d06,It's crucial that transparency must be the foundation - we need to understand how ai makes decisions...,It's crucial that transparency must be the foundation - we need to understand ho...,C1,It's crucial that transparency must be the foundation - we n...,15
1,P0eb99b99,We must consider that privacy protection is essential - ai shouldn't compromise individual data righ...,We must consider that privacy protection is essential - ai shouldn't compromise ...,C4,We must consider that privacy protection is essential - ai s...,14
1,P131f32c8,I believe transparency must be the foundation - we need to understand how ai makes decisions.,I believe transparency must be the foundation - we need to understand how ai mak...,C1,It's crucial that transparency must be the foundation - we n...,15
1,P168f0c91,Privacy protection is essential - AI shouldn't compromise individual data rights. We cannot afford t...,Privacy protection is essential - AI shouldn't compromise individual data rights...,C4,We must consider that privacy protection is essential - ai s...,14
1,P190e6d95,I believe safety and robustness must be tested extensively before deployment.,I believe safety and robustness must be tested extensively before deployment.,C5,"From my perspective, safety and robustness must be tested ex...",14
1,P1b07fbdd,We must consider that privacy protection is essential - ai shouldn't compromise individual data righ...,We must consider that privacy protection is essential - ai shouldn't compromise ...,C4,We must consider that privacy protection is essential - ai s...,14
1,P1d73b124,It's crucial that safety and robustness must be tested extensively before deployment.,It's crucial that safety and robustness must be tested extensively before deploy...,C5,"From my perspective, safety and robustness must be tested ex...",14
1,P1ee3821a,We must consider that human oversight and accountability should be mandatory for all critical ai sys...,We must consider that human oversight and accountability should be mandatory for...,C2,It's crucial that human oversight and accountability should ...,15
1,P20ce77ae,It's crucial that human oversight and accountability should be mandatory for all critical ai systems...,It's crucial that human oversight and accountability should be mandatory for all...,C2,It's crucial that human oversight and accountability should ...,15
1,P23224897,I believe human oversight and accountability should be mandatory for all critical ai systems.,I believe human oversight and accountability should be mandatory for all critica...,C2,It's crucial that human oversight and accountability should ...,15
1,P23c4a9b9,It's crucial that transparency must be the foundation - we need to understand how ai makes decisions...,It's crucial that transparency must be the foundation - we need to understand ho...,C1,It's crucial that transparency must be the foundation - we n...,15
1,P24fbff84,I believe transparency must be the foundation - we need to understand how ai makes decisions.,I believe transparency must be the foundation - we need to understand how ai mak...,C1,It's crucial that transparency must be the foundation - we n...,15
1,P2547830a,"From my perspective, democratic values and human rights must guide ai development globally.","From my perspective, democratic values and human rights must guide ai developmen...",C7,Democratic values and human rights must guide AI development...,14
1,P262efb3e,We must consider that human oversight and accountability should be mandatory for all critical ai sys...,We must consider that human oversight and accountability should be mandatory for...,C2,It's crucial that human oversight and accountability should ...,15
1,P27631a9f,"From my perspective, fairness and non-discrimination should be built into ai from the ground up.","From my perspective, fairness and non-discrimination should be built into ai fro...",C3,Fairness and non-discrimination should be built into AI from...,14
1,P27f9b918,"From my perspective, safety and robustness must be tested extensively before deployment.","From my perspective, safety and robustness must be tested extensively before dep...",C5,"From my perspective, safety and robustness must be tested ex...",14
1,P2cdb9814,Democratic values and human rights must guide AI development globally. We cannot afford to ignore th...,Democratic values and human rights must guide AI development globally. We cannot...,C7,Democratic values and human rights must guide AI development...,14
1,P2f985e95,Fairness and non-discrimination should be built into AI from the ground up. We cannot afford to igno...,Fairness and non-discrimination should be built into AI from the ground up. We c...,C3,Fairness and non-discrimination should be built into AI from...,14
1,P31d67d3b,Democratic values and human rights must guide AI development globally.,Democratic values and human rights must guide AI development globally.,C7,Democratic values and human rights must guide AI development...,14
1,P360e4eff,It's crucial that fairness and non-discrimination should be built into ai from the ground up.,It's crucial that fairness and non-discrimination should be built into ai from t...,C3,Fairness and non-discrimination should be built into AI from...,14
1,P36cc190c,"From my perspective, human oversight and accountability should be mandatory for all critical ai syst...","From my perspective, human oversight and accountability should be mandatory for ...",C2,It's crucial that human oversight and accountability should ...,15
1,P3836ca7d,I believe human oversight and accountability should be mandatory for all critical ai systems.,I believe human oversight and accountability should be mandatory for all critica...,C2,It's crucial that human oversight and accountability should ...,15
1,P3ae7e5c2,We must consider that transparency must be the foundation - we need to understand how ai makes decis...,We must consider that transparency must be the foundation - we need to understan...,C1,It's crucial that transparency must be the foundation - we n...,15
1,P3b25a331,Human oversight and accountability should be mandatory for all critical AI systems.,Human oversight and accountability should be mandatory for all critical AI syste...,C2,It's crucial that human oversight and accountability should ...,15
1,P3ff5b54c,"We must consider that beneficial intent - ai should genuinely improve human wellbeing, not just prof...",We must consider that beneficial intent - ai should genuinely improve human well...,C6,Beneficial intent - AI should genuinely improve human wellbe...,14
1,P4395a771,We must consider that fairness and non-discrimination should be built into ai from the ground up.,We must consider that fairness and non-discrimination should be built into ai fr...,C3,Fairness and non-discrimination should be built into AI from...,14
1,P497d37fe,Transparency must be the foundation - we need to understand how AI makes decisions. This is fundamen...,Transparency must be the foundation - we need to understand how AI makes decisio...,C1,It's crucial that transparency must be the foundation - we n...,15
1,P4adeb1de,"We must consider that beneficial intent - ai should genuinely improve human wellbeing, not just prof...",We must consider that beneficial intent - ai should genuinely improve human well...,C6,Beneficial intent - AI should genuinely improve human wellbe...,14
1,P4c05e249,Democratic values and human rights must guide AI development globally. We cannot afford to ignore th...,Democratic values and human rights must guide AI development globally. We cannot...,C7,Democratic values and human rights must guide AI development...,14
1,P4e8e9b9c,"I believe beneficial intent - ai should genuinely improve human wellbeing, not just profit.","I believe beneficial intent - ai should genuinely improve human wellbeing, not j...",C6,Beneficial intent - AI should genuinely improve human wellbe...,14
1,P504d565a,Privacy protection is essential - AI shouldn't compromise individual data rights.,Privacy protection is essential - AI shouldn't compromise individual data rights...,C4,We must consider that privacy protection is essential - ai s...,14
1,P512efe84,"From my perspective, human oversight and accountability should be mandatory for all critical ai syst...","From my perspective, human oversight and accountability should be mandatory for ...",C2,It's crucial that human oversight and accountability should ...,15
1,P51892015,"From my perspective, safety and robustness must be tested extensively before deployment.","From my perspective, safety and robustness must be tested extensively before dep...",C5,"From my perspective, safety and robustness must be tested ex...",14
1,P5682fc21,"From my perspective, privacy protection is essential - ai shouldn't compromise individual data right...","From my perspective, privacy protection is essential - ai shouldn't compromise i...",C4,We must consider that privacy protection is essential - ai s...,14
1,P57cb6f7e,Privacy protection is essential - AI shouldn't compromise individual data rights.,Privacy protection is essential - AI shouldn't compromise individual data rights...,C4,We must consider that privacy protection is essential - ai s...,14
1,P5b8664a6,"Beneficial intent - AI should genuinely improve human wellbeing, not just profit. We cannot afford t...","Beneficial intent - AI should genuinely improve human wellbeing, not just profit...",C6,Beneficial intent - AI should genuinely improve human wellbe...,14
1,P5c65416c,Safety and robustness must be tested extensively before deployment.,Safety and robustness must be tested extensively before deployment.,C5,"From my perspective, safety and robustness must be tested ex...",14
1,P5cf072e0,I believe human oversight and accountability should be mandatory for all critical ai systems.,I believe human oversight and accountability should be mandatory for all critica...,C2,It's crucial that human oversight and accountability should ...,15
1,P5f408b6f,Fairness and non-discrimination should be built into AI from the ground up.,Fairness and non-discrimination should be built into AI from the ground up.,C3,Fairness and non-discrimination should be built into AI from...,14
1,P61887846,Safety and robustness must be tested extensively before deployment.,Safety and robustness must be tested extensively before deployment.,C5,"From my perspective, safety and robustness must be tested ex...",14
1,P61ecbb02,Privacy protection is essential - AI shouldn't compromise individual data rights. This is fundamenta...,Privacy protection is essential - AI shouldn't compromise individual data rights...,C4,We must consider that privacy protection is essential - ai s...,14
1,P63e59170,Fairness and non-discrimination should be built into AI from the ground up.,Fairness and non-discrimination should be built into AI from the ground up.,C3,Fairness and non-discrimination should be built into AI from...,14
1,P64995125,Safety and robustness must be tested extensively before deployment. We cannot afford to ignore this.,Safety and robustness must be tested extensively before deployment. We cannot af...,C5,"From my perspective, safety and robustness must be tested ex...",14
1,P6639a427,Democratic values and human rights must guide AI development globally. We cannot afford to ignore th...,Democratic values and human rights must guide AI development globally. We cannot...,C7,Democratic values and human rights must guide AI development...,14
1,P6824dbe6,Safety and robustness must be tested extensively before deployment.,Safety and robustness must be tested extensively before deployment.,C5,"From my perspective, safety and robustness must be tested ex...",14
1,P6b22ea83,"I believe beneficial intent - ai should genuinely improve human wellbeing, not just profit.","I believe beneficial intent - ai should genuinely improve human wellbeing, not j...",C6,Beneficial intent - AI should genuinely improve human wellbe...,14
1,P6c5d2547,Transparency must be the foundation - we need to understand how AI makes decisions.,Transparency must be the foundation - we need to understand how AI makes decisio...,C1,It's crucial that transparency must be the foundation - we n...,15
1,P6d2a23b9,"From my perspective, transparency must be the foundation - we need to understand how ai makes decisi...","From my perspective, transparency must be the foundation - we need to understand...",C1,It's crucial that transparency must be the foundation - we n...,15
1,P71764af9,Fairness and non-discrimination should be built into AI from the ground up.,Fairness and non-discrimination should be built into AI from the ground up.,C3,Fairness and non-discrimination should be built into AI from...,14
1,P7177a4e6,We must consider that human oversight and accountability should be mandatory for all critical ai sys...,We must consider that human oversight and accountability should be mandatory for...,C2,It's crucial that human oversight and accountability should ...,15
1,P7521d8ab,"I believe beneficial intent - ai should genuinely improve human wellbeing, not just profit.","I believe beneficial intent - ai should genuinely improve human wellbeing, not j...",C6,Beneficial intent - AI should genuinely improve human wellbe...,14
1,P759aabf3,Safety and robustness must be tested extensively before deployment. We cannot afford to ignore this.,Safety and robustness must be tested extensively before deployment. We cannot af...,C5,"From my perspective, safety and robustness must be tested ex...",14
1,P776d9aa7,"Beneficial intent - AI should genuinely improve human wellbeing, not just profit. This is fundamenta...","Beneficial intent - AI should genuinely improve human wellbeing, not just profit...",C6,Beneficial intent - AI should genuinely improve human wellbe...,14
1,P78eb7418,Human oversight and accountability should be mandatory for all critical AI systems.,Human oversight and accountability should be mandatory for all critical AI syste...,C2,It's crucial that human oversight and accountability should ...,15
1,P80b2eea9,"From my perspective, fairness and non-discrimination should be built into ai from the ground up.","From my perspective, fairness and non-discrimination should be built into ai fro...",C3,Fairness and non-discrimination should be built into AI from...,14
1,P8101b76c,I believe safety and robustness must be tested extensively before deployment.,I believe safety and robustness must be tested extensively before deployment.,C5,"From my perspective, safety and robustness must be tested ex...",14
1,P829cd464,Transparency must be the foundation - we need to understand how AI makes decisions. We cannot afford...,Transparency must be the foundation - we need to understand how AI makes decisio...,C1,It's crucial that transparency must be the foundation - we n...,15
1,P89a712c3,Transparency must be the foundation - we need to understand how AI makes decisions.,Transparency must be the foundation - we need to understand how AI makes decisio...,C1,It's crucial that transparency must be the foundation - we n...,15
1,P8b0e855b,I believe transparency must be the foundation - we need to understand how ai makes decisions.,I believe transparency must be the foundation - we need to understand how ai mak...,C1,It's crucial that transparency must be the foundation - we n...,15
1,P91bf5e99,Safety and robustness must be tested extensively before deployment.,Safety and robustness must be tested extensively before deployment.,C5,"From my perspective, safety and robustness must be tested ex...",14
1,P95e3153b,Democratic values and human rights must guide AI development globally. This is fundamentally importa...,Democratic values and human rights must guide AI development globally. This is f...,C7,Democratic values and human rights must guide AI development...,14
1,P9d58b963,"Beneficial intent - AI should genuinely improve human wellbeing, not just profit.","Beneficial intent - AI should genuinely improve human wellbeing, not just profit...",C6,Beneficial intent - AI should genuinely improve human wellbe...,14
1,Pa1714937,It's crucial that fairness and non-discrimination should be built into ai from the ground up.,It's crucial that fairness and non-discrimination should be built into ai from t...,C3,Fairness and non-discrimination should be built into AI from...,14
1,Pa1c63eed,"From my perspective, beneficial intent - ai should genuinely improve human wellbeing, not just profi...","From my perspective, beneficial intent - ai should genuinely improve human wellb...",C6,Beneficial intent - AI should genuinely improve human wellbe...,14
1,Pa4fccbf3,We must consider that fairness and non-discrimination should be built into ai from the ground up.,We must consider that fairness and non-discrimination should be built into ai fr...,C3,Fairness and non-discrimination should be built into AI from...,14
1,Pa88028c8,Democratic values and human rights must guide AI development globally. This is fundamentally importa...,Democratic values and human rights must guide AI development globally. This is f...,C7,Democratic values and human rights must guide AI development...,14
1,Pab885aa9,"I believe beneficial intent - ai should genuinely improve human wellbeing, not just profit.","I believe beneficial intent - ai should genuinely improve human wellbeing, not j...",C6,Beneficial intent - AI should genuinely improve human wellbe...,14
1,Pb6a694e6,It's crucial that fairness and non-discrimination should be built into ai from the ground up.,It's crucial that fairness and non-discrimination should be built into ai from t...,C3,Fairness and non-discrimination should be built into AI from...,14
1,Pb880c25e,Privacy protection is essential - AI shouldn't compromise individual data rights. This is fundamenta...,Privacy protection is essential - AI shouldn't compromise individual data rights...,C4,We must consider that privacy protection is essential - ai s...,14
1,Pba96e22c,"From my perspective, privacy protection is essential - ai shouldn't compromise individual data right...","From my perspective, privacy protection is essential - ai shouldn't compromise i...",C4,We must consider that privacy protection is essential - ai s...,14
1,Pbaa47570,We must consider that privacy protection is essential - ai shouldn't compromise individual data righ...,We must consider that privacy protection is essential - ai shouldn't compromise ...,C4,We must consider that privacy protection is essential - ai s...,14
1,Pbba0d4fb,Transparency must be the foundation - we need to understand how AI makes decisions. We cannot afford...,Transparency must be the foundation - we need to understand how AI makes decisio...,C1,It's crucial that transparency must be the foundation - we n...,15
1,Pc57acc64,Safety and robustness must be tested extensively before deployment. We cannot afford to ignore this.,Safety and robustness must be tested extensively before deployment. We cannot af...,C5,"From my perspective, safety and robustness must be tested ex...",14
1,Pc5878b4f,Democratic values and human rights must guide AI development globally. We cannot afford to ignore th...,Democratic values and human rights must guide AI development globally. We cannot...,C7,Democratic values and human rights must guide AI development...,14
1,Pc6180062,Safety and robustness must be tested extensively before deployment. We cannot afford to ignore this.,Safety and robustness must be tested extensively before deployment. We cannot af...,C5,"From my perspective, safety and robustness must be tested ex...",14
1,Pc7a83175,Democratic values and human rights must guide AI development globally. We cannot afford to ignore th...,Democratic values and human rights must guide AI development globally. We cannot...,C7,Democratic values and human rights must guide AI development...,14
1,Pc88136a7,"From my perspective, democratic values and human rights must guide ai development globally.","From my perspective, democratic values and human rights must guide ai developmen...",C7,Democratic values and human rights must guide AI development...,14
1,Pca4dcab8,It's crucial that human oversight and accountability should be mandatory for all critical ai systems...,It's crucial that human oversight and accountability should be mandatory for all...,C2,It's crucial that human oversight and accountability should ...,15
1,Pcb77d9bd,I believe fairness and non-discrimination should be built into ai from the ground up.,I believe fairness and non-discrimination should be built into ai from the groun...,C3,Fairness and non-discrimination should be built into AI from...,14
1,Pcdfdb02f,Privacy protection is essential - AI shouldn't compromise individual data rights. This is fundamenta...,Privacy protection is essential - AI shouldn't compromise individual data rights...,C4,We must consider that privacy protection is essential - ai s...,14
1,Pcf2f7ae0,Democratic values and human rights must guide AI development globally. We cannot afford to ignore th...,Democratic values and human rights must guide AI development globally. We cannot...,C7,Democratic values and human rights must guide AI development...,14
1,Pd0dd922e,We must consider that privacy protection is essential - ai shouldn't compromise individual data righ...,We must consider that privacy protection is essential - ai shouldn't compromise ...,C4,We must consider that privacy protection is essential - ai s...,14
1,Pd1580603,"From my perspective, beneficial intent - ai should genuinely improve human wellbeing, not just profi...","From my perspective, beneficial intent - ai should genuinely improve human wellb...",C6,Beneficial intent - AI should genuinely improve human wellbe...,14
1,Pd210264b,We must consider that fairness and non-discrimination should be built into ai from the ground up.,We must consider that fairness and non-discrimination should be built into ai fr...,C3,Fairness and non-discrimination should be built into AI from...,14
1,Pde8a4fa7,Democratic values and human rights must guide AI development globally. We cannot afford to ignore th...,Democratic values and human rights must guide AI development globally. We cannot...,C7,Democratic values and human rights must guide AI development...,14
1,Pe18ff10f,"Beneficial intent - AI should genuinely improve human wellbeing, not just profit. This is fundamenta...","Beneficial intent - AI should genuinely improve human wellbeing, not just profit...",C6,Beneficial intent - AI should genuinely improve human wellbe...,14
1,Pe6bca442,We must consider that democratic values and human rights must guide ai development globally.,We must consider that democratic values and human rights must guide ai developme...,C7,Democratic values and human rights must guide AI development...,14
1,Pe7b6d36b,Privacy protection is essential - AI shouldn't compromise individual data rights.,Privacy protection is essential - AI shouldn't compromise individual data rights...,C4,We must consider that privacy protection is essential - ai s...,14
1,Pe818df3b,"From my perspective, safety and robustness must be tested extensively before deployment.","From my perspective, safety and robustness must be tested extensively before dep...",C5,"From my perspective, safety and robustness must be tested ex...",14
1,Pf1016d97,We must consider that human oversight and accountability should be mandatory for all critical ai sys...,We must consider that human oversight and accountability should be mandatory for...,C2,It's crucial that human oversight and accountability should ...,15
1,Pf2549298,"Beneficial intent - AI should genuinely improve human wellbeing, not just profit. We cannot afford t...","Beneficial intent - AI should genuinely improve human wellbeing, not just profit...",C6,Beneficial intent - AI should genuinely improve human wellbe...,14
1,Pf3d98eca,Transparency must be the foundation - we need to understand how AI makes decisions. This is fundamen...,Transparency must be the foundation - we need to understand how AI makes decisio...,C1,It's crucial that transparency must be the foundation - we n...,15
1,Pfc1eaa27,"From my perspective, democratic values and human rights must guide ai development globally.","From my perspective, democratic values and human rights must guide ai developmen...",C7,Democratic values and human rights must guide AI development...,14
1,Pfd091ffb,Transparency must be the foundation - we need to understand how AI makes decisions. We cannot afford...,Transparency must be the foundation - we need to understand how AI makes decisio...,C1,It's crucial that transparency must be the foundation - we n...,15
1,Pfda3da68,It's crucial that human oversight and accountability should be mandatory for all critical ai systems...,It's crucial that human oversight and accountability should be mandatory for all...,C2,It's crucial that human oversight and accountability should ...,15
1,Pfdacd6bf,"From my perspective, beneficial intent - ai should genuinely improve human wellbeing, not just profi...","From my perspective, beneficial intent - ai should genuinely improve human wellb...",C6,Beneficial intent - AI should genuinely improve human wellbe...,14
6,P000a5484,"From my perspective, opt-in consent models rather than hidden terms of service.","From my perspective, opt-in consent models rather than hidden terms of service.",C4,Opt-in consent models rather than hidden terms of service.,14
6,P006937c9,Individuals should own and control their personal data. We cannot afford to ignore this.,Individuals should own and control their personal data. We cannot afford to igno...,C3,Individuals should own and control their personal data.,14
6,P05e6a3a1,I believe privacy-preserving ai techniques like federated learning show promise.,I believe privacy-preserving ai techniques like federated learning show promise.,C1,"From my perspective, privacy-preserving ai techniques like f...",15
6,P0661ec6e,We must consider that strong encryption and data minimization should be default.,We must consider that strong encryption and data minimization should be default.,C2,Strong encryption and data minimization should be default.,15
6,P0add2d06,We must consider that strong encryption and data minimization should be default.,We must consider that strong encryption and data minimization should be default.,C2,Strong encryption and data minimization should be default.,15
6,P0eb99b99,Opt-in consent models rather than hidden terms of service.,Opt-in consent models rather than hidden terms of service.,C4,Opt-in consent models rather than hidden terms of service.,14
6,P131f32c8,I believe strong encryption and data minimization should be default.,I believe strong encryption and data minimization should be default.,C2,Strong encryption and data minimization should be default.,15
6,P168f0c91,Opt-in consent models rather than hidden terms of service. This is fundamentally important.,Opt-in consent models rather than hidden terms of service. This is fundamentally...,C4,Opt-in consent models rather than hidden terms of service.,14
6,P190e6d95,We must consider that differential privacy ensures aggregate insights without individual exposure.,We must consider that differential privacy ensures aggregate insights without in...,C5,Differential privacy ensures aggregate insights without indi...,14
6,P1b07fbdd,It's crucial that opt-in consent models rather than hidden terms of service.,It's crucial that opt-in consent models rather than hidden terms of service.,C4,Opt-in consent models rather than hidden terms of service.,14
6,P1d73b124,Differential privacy ensures aggregate insights without individual exposure.,Differential privacy ensures aggregate insights without individual exposure.,C5,Differential privacy ensures aggregate insights without indi...,14
6,P1ee3821a,Privacy-preserving AI techniques like federated learning show promise. We cannot afford to ignore th...,Privacy-preserving AI techniques like federated learning show promise. We cannot...,C1,"From my perspective, privacy-preserving ai techniques like f...",15
6,P20ce77ae,I believe privacy-preserving ai techniques like federated learning show promise.,I believe privacy-preserving ai techniques like federated learning show promise.,C1,"From my perspective, privacy-preserving ai techniques like f...",15
6,P23224897,"From my perspective, privacy-preserving ai techniques like federated learning show promise.","From my perspective, privacy-preserving ai techniques like federated learning sh...",C1,"From my perspective, privacy-preserving ai techniques like f...",15
6,P23c4a9b9,Strong encryption and data minimization should be default.,Strong encryption and data minimization should be default.,C2,Strong encryption and data minimization should be default.,15
6,P24fbff84,Strong encryption and data minimization should be default. This is fundamentally important.,Strong encryption and data minimization should be default. This is fundamentally...,C2,Strong encryption and data minimization should be default.,15
6,P2547830a,"From my perspective, privacy impact assessments required before data collection.","From my perspective, privacy impact assessments required before data collection.",C7,"From my perspective, privacy impact assessments required bef...",14
6,P262efb3e,We must consider that privacy-preserving ai techniques like federated learning show promise.,We must consider that privacy-preserving ai techniques like federated learning s...,C1,"From my perspective, privacy-preserving ai techniques like f...",15
6,P27631a9f,I believe individuals should own and control their personal data.,I believe individuals should own and control their personal data.,C3,Individuals should own and control their personal data.,14
6,P27f9b918,Differential privacy ensures aggregate insights without individual exposure.,Differential privacy ensures aggregate insights without individual exposure.,C5,Differential privacy ensures aggregate insights without indi...,14
6,P2cdb9814,Privacy impact assessments required before data collection.,Privacy impact assessments required before data collection.,C7,"From my perspective, privacy impact assessments required bef...",14
6,P2f985e95,"From my perspective, individuals should own and control their personal data.","From my perspective, individuals should own and control their personal data.",C3,Individuals should own and control their personal data.,14
6,P31d67d3b,Privacy impact assessments required before data collection. We cannot afford to ignore this.,Privacy impact assessments required before data collection. We cannot afford to ...,C7,"From my perspective, privacy impact assessments required bef...",14
6,P360e4eff,Individuals should own and control their personal data.,Individuals should own and control their personal data.,C3,Individuals should own and control their personal data.,14
6,P36cc190c,Privacy-preserving AI techniques like federated learning show promise. This is fundamentally importa...,Privacy-preserving AI techniques like federated learning show promise. This is f...,C1,"From my perspective, privacy-preserving ai techniques like f...",15
6,P3836ca7d,"From my perspective, privacy-preserving ai techniques like federated learning show promise.","From my perspective, privacy-preserving ai techniques like federated learning sh...",C1,"From my perspective, privacy-preserving ai techniques like f...",15
6,P3ae7e5c2,Strong encryption and data minimization should be default. This is fundamentally important.,Strong encryption and data minimization should be default. This is fundamentally...,C2,Strong encryption and data minimization should be default.,15
6,P3b25a331,Privacy-preserving AI techniques like federated learning show promise. We cannot afford to ignore th...,Privacy-preserving AI techniques like federated learning show promise. We cannot...,C1,"From my perspective, privacy-preserving ai techniques like f...",15
6,P3ff5b54c,"From my perspective, clear boundaries between innovation and surveillance.","From my perspective, clear boundaries between innovation and surveillance.",C6,"From my perspective, clear boundaries between innovation and...",14
6,P4395a771,"From my perspective, individuals should own and control their personal data.","From my perspective, individuals should own and control their personal data.",C3,Individuals should own and control their personal data.,14
6,P497d37fe,We must consider that strong encryption and data minimization should be default.,We must consider that strong encryption and data minimization should be default.,C2,Strong encryption and data minimization should be default.,15
6,P4adeb1de,Clear boundaries between innovation and surveillance. This is fundamentally important.,Clear boundaries between innovation and surveillance. This is fundamentally impo...,C6,"From my perspective, clear boundaries between innovation and...",14
6,P4c05e249,We must consider that privacy impact assessments required before data collection.,We must consider that privacy impact assessments required before data collection...,C7,"From my perspective, privacy impact assessments required bef...",14
6,P4e8e9b9c,"From my perspective, clear boundaries between innovation and surveillance.","From my perspective, clear boundaries between innovation and surveillance.",C6,"From my perspective, clear boundaries between innovation and...",14
6,P504d565a,It's crucial that opt-in consent models rather than hidden terms of service.,It's crucial that opt-in consent models rather than hidden terms of service.,C4,Opt-in consent models rather than hidden terms of service.,14
6,P512efe84,Privacy-preserving AI techniques like federated learning show promise.,Privacy-preserving AI techniques like federated learning show promise.,C1,"From my perspective, privacy-preserving ai techniques like f...",15
6,P51892015,Differential privacy ensures aggregate insights without individual exposure. This is fundamentally i...,Differential privacy ensures aggregate insights without individual exposure. Thi...,C5,Differential privacy ensures aggregate insights without indi...,14
6,P5682fc21,We must consider that opt-in consent models rather than hidden terms of service.,We must consider that opt-in consent models rather than hidden terms of service.,C4,Opt-in consent models rather than hidden terms of service.,14
6,P57cb6f7e,Opt-in consent models rather than hidden terms of service. We cannot afford to ignore this.,Opt-in consent models rather than hidden terms of service. We cannot afford to i...,C4,Opt-in consent models rather than hidden terms of service.,14
6,P5b8664a6,I believe clear boundaries between innovation and surveillance.,I believe clear boundaries between innovation and surveillance.,C6,"From my perspective, clear boundaries between innovation and...",14
6,P5c65416c,Differential privacy ensures aggregate insights without individual exposure.,Differential privacy ensures aggregate insights without individual exposure.,C5,Differential privacy ensures aggregate insights without indi...,14
6,P5cf072e0,Privacy-preserving AI techniques like federated learning show promise.,Privacy-preserving AI techniques like federated learning show promise.,C1,"From my perspective, privacy-preserving ai techniques like f...",15
6,P5f408b6f,I believe individuals should own and control their personal data.,I believe individuals should own and control their personal data.,C3,Individuals should own and control their personal data.,14
6,P61887846,We must consider that differential privacy ensures aggregate insights without individual exposure.,We must consider that differential privacy ensures aggregate insights without in...,C5,Differential privacy ensures aggregate insights without indi...,14
6,P61ecbb02,I believe opt-in consent models rather than hidden terms of service.,I believe opt-in consent models rather than hidden terms of service.,C4,Opt-in consent models rather than hidden terms of service.,14
6,P63e59170,We must consider that individuals should own and control their personal data.,We must consider that individuals should own and control their personal data.,C3,Individuals should own and control their personal data.,14
6,P64995125,Differential privacy ensures aggregate insights without individual exposure.,Differential privacy ensures aggregate insights without individual exposure.,C5,Differential privacy ensures aggregate insights without indi...,14
6,P6639a427,I believe privacy impact assessments required before data collection.,I believe privacy impact assessments required before data collection.,C7,"From my perspective, privacy impact assessments required bef...",14
6,P6824dbe6,I believe differential privacy ensures aggregate insights without individual exposure.,I believe differential privacy ensures aggregate insights without individual exp...,C5,Differential privacy ensures aggregate insights without indi...,14
6,P6b22ea83,Clear boundaries between innovation and surveillance.,Clear boundaries between innovation and surveillance.,C6,"From my perspective, clear boundaries between innovation and...",14
6,P6c5d2547,I believe strong encryption and data minimization should be default.,I believe strong encryption and data minimization should be default.,C2,Strong encryption and data minimization should be default.,15
6,P6d2a23b9,"From my perspective, strong encryption and data minimization should be default.","From my perspective, strong encryption and data minimization should be default.",C2,Strong encryption and data minimization should be default.,15
6,P71764af9,It's crucial that individuals should own and control their personal data.,It's crucial that individuals should own and control their personal data.,C3,Individuals should own and control their personal data.,14
6,P7177a4e6,Privacy-preserving AI techniques like federated learning show promise.,Privacy-preserving AI techniques like federated learning show promise.,C1,"From my perspective, privacy-preserving ai techniques like f...",15
6,P7521d8ab,Clear boundaries between innovation and surveillance.,Clear boundaries between innovation and surveillance.,C6,"From my perspective, clear boundaries between innovation and...",14
6,P759aabf3,Differential privacy ensures aggregate insights without individual exposure. This is fundamentally i...,Differential privacy ensures aggregate insights without individual exposure. Thi...,C5,Differential privacy ensures aggregate insights without indi...,14
6,P776d9aa7,"From my perspective, clear boundaries between innovation and surveillance.","From my perspective, clear boundaries between innovation and surveillance.",C6,"From my perspective, clear boundaries between innovation and...",14
6,P78eb7418,We must consider that privacy-preserving ai techniques like federated learning show promise.,We must consider that privacy-preserving ai techniques like federated learning s...,C1,"From my perspective, privacy-preserving ai techniques like f...",15
6,P80b2eea9,It's crucial that individuals should own and control their personal data.,It's crucial that individuals should own and control their personal data.,C3,Individuals should own and control their personal data.,14
6,P8101b76c,I believe differential privacy ensures aggregate insights without individual exposure.,I believe differential privacy ensures aggregate insights without individual exp...,C5,Differential privacy ensures aggregate insights without indi...,14
6,P829cd464,We must consider that strong encryption and data minimization should be default.,We must consider that strong encryption and data minimization should be default.,C2,Strong encryption and data minimization should be default.,15
6,P89a712c3,It's crucial that strong encryption and data minimization should be default.,It's crucial that strong encryption and data minimization should be default.,C2,Strong encryption and data minimization should be default.,15
6,P8b0e855b,I believe strong encryption and data minimization should be default.,I believe strong encryption and data minimization should be default.,C2,Strong encryption and data minimization should be default.,15
6,P91bf5e99,Differential privacy ensures aggregate insights without individual exposure. We cannot afford to ign...,Differential privacy ensures aggregate insights without individual exposure. We ...,C5,Differential privacy ensures aggregate insights without indi...,14
6,P95e3153b,"From my perspective, privacy impact assessments required before data collection.","From my perspective, privacy impact assessments required before data collection.",C7,"From my perspective, privacy impact assessments required bef...",14
6,P9d58b963,It's crucial that clear boundaries between innovation and surveillance.,It's crucial that clear boundaries between innovation and surveillance.,C6,"From my perspective, clear boundaries between innovation and...",14
6,Pa1714937,"From my perspective, individuals should own and control their personal data.","From my perspective, individuals should own and control their personal data.",C3,Individuals should own and control their personal data.,14
6,Pa1c63eed,Clear boundaries between innovation and surveillance. This is fundamentally important.,Clear boundaries between innovation and surveillance. This is fundamentally impo...,C6,"From my perspective, clear boundaries between innovation and...",14
6,Pa4fccbf3,Individuals should own and control their personal data. This is fundamentally important.,Individuals should own and control their personal data. This is fundamentally im...,C3,Individuals should own and control their personal data.,14
6,Pa88028c8,It's crucial that privacy impact assessments required before data collection.,It's crucial that privacy impact assessments required before data collection.,C7,"From my perspective, privacy impact assessments required bef...",14
6,Pab885aa9,I believe clear boundaries between innovation and surveillance.,I believe clear boundaries between innovation and surveillance.,C6,"From my perspective, clear boundaries between innovation and...",14
6,Pb6a694e6,It's crucial that individuals should own and control their personal data.,It's crucial that individuals should own and control their personal data.,C3,Individuals should own and control their personal data.,14
6,Pb880c25e,I believe opt-in consent models rather than hidden terms of service.,I believe opt-in consent models rather than hidden terms of service.,C4,Opt-in consent models rather than hidden terms of service.,14
6,Pba96e22c,Opt-in consent models rather than hidden terms of service. This is fundamentally important.,Opt-in consent models rather than hidden terms of service. This is fundamentally...,C4,Opt-in consent models rather than hidden terms of service.,14
6,Pbaa47570,We must consider that opt-in consent models rather than hidden terms of service.,We must consider that opt-in consent models rather than hidden terms of service.,C4,Opt-in consent models rather than hidden terms of service.,14
6,Pbba0d4fb,We must consider that strong encryption and data minimization should be default.,We must consider that strong encryption and data minimization should be default.,C2,Strong encryption and data minimization should be default.,15
6,Pc57acc64,"From my perspective, differential privacy ensures aggregate insights without individual exposure.","From my perspective, differential privacy ensures aggregate insights without ind...",C5,Differential privacy ensures aggregate insights without indi...,14
6,Pc5878b4f,Privacy impact assessments required before data collection.,Privacy impact assessments required before data collection.,C7,"From my perspective, privacy impact assessments required bef...",14
6,Pc6180062,It's crucial that differential privacy ensures aggregate insights without individual exposure.,It's crucial that differential privacy ensures aggregate insights without indivi...,C5,Differential privacy ensures aggregate insights without indi...,14
6,Pc7a83175,"From my perspective, privacy impact assessments required before data collection.","From my perspective, privacy impact assessments required before data collection.",C7,"From my perspective, privacy impact assessments required bef...",14
6,Pc88136a7,Privacy impact assessments required before data collection. We cannot afford to ignore this.,Privacy impact assessments required before data collection. We cannot afford to ...,C7,"From my perspective, privacy impact assessments required bef...",14
6,Pca4dcab8,Privacy-preserving AI techniques like federated learning show promise. This is fundamentally importa...,Privacy-preserving AI techniques like federated learning show promise. This is f...,C1,"From my perspective, privacy-preserving ai techniques like f...",15
6,Pcb77d9bd,I believe individuals should own and control their personal data.,I believe individuals should own and control their personal data.,C3,Individuals should own and control their personal data.,14
6,Pcdfdb02f,"From my perspective, opt-in consent models rather than hidden terms of service.","From my perspective, opt-in consent models rather than hidden terms of service.",C4,Opt-in consent models rather than hidden terms of service.,14
6,Pcf2f7ae0,Privacy impact assessments required before data collection. This is fundamentally important.,Privacy impact assessments required before data collection. This is fundamentall...,C7,"From my perspective, privacy impact assessments required bef...",14
6,Pd0dd922e,Opt-in consent models rather than hidden terms of service. We cannot afford to ignore this.,Opt-in consent models rather than hidden terms of service. We cannot afford to i...,C4,Opt-in consent models rather than hidden terms of service.,14
6,Pd1580603,It's crucial that clear boundaries between innovation and surveillance.,It's crucial that clear boundaries between innovation and surveillance.,C6,"From my perspective, clear boundaries between innovation and...",14
6,Pd210264b,Individuals should own and control their personal data. This is fundamentally important.,Individuals should own and control their personal data. This is fundamentally im...,C3,Individuals should own and control their personal data.,14
6,Pde8a4fa7,It's crucial that privacy impact assessments required before data collection.,It's crucial that privacy impact assessments required before data collection.,C7,"From my perspective, privacy impact assessments required bef...",14
6,Pe18ff10f,I believe clear boundaries between innovation and surveillance.,I believe clear boundaries between innovation and surveillance.,C6,"From my perspective, clear boundaries between innovation and...",14
6,Pe6bca442,I believe privacy impact assessments required before data collection.,I believe privacy impact assessments required before data collection.,C7,"From my perspective, privacy impact assessments required bef...",14
6,Pe7b6d36b,We must consider that opt-in consent models rather than hidden terms of service.,We must consider that opt-in consent models rather than hidden terms of service.,C4,Opt-in consent models rather than hidden terms of service.,14
6,Pe818df3b,"From my perspective, differential privacy ensures aggregate insights without individual exposure.","From my perspective, differential privacy ensures aggregate insights without ind...",C5,Differential privacy ensures aggregate insights without indi...,14
6,Pf1016d97,Privacy-preserving AI techniques like federated learning show promise. We cannot afford to ignore th...,Privacy-preserving AI techniques like federated learning show promise. We cannot...,C1,"From my perspective, privacy-preserving ai techniques like f...",15
6,Pf2549298,"From my perspective, clear boundaries between innovation and surveillance.","From my perspective, clear boundaries between innovation and surveillance.",C6,"From my perspective, clear boundaries between innovation and...",14
6,Pf3d98eca,Strong encryption and data minimization should be default. This is fundamentally important.,Strong encryption and data minimization should be default. This is fundamentally...,C2,Strong encryption and data minimization should be default.,15
6,Pfc1eaa27,We must consider that privacy impact assessments required before data collection.,We must consider that privacy impact assessments required before data collection...,C7,"From my perspective, privacy impact assessments required bef...",14
6,Pfd091ffb,"From my perspective, strong encryption and data minimization should be default.","From my perspective, strong encryption and data minimization should be default.",C2,Strong encryption and data minimization should be default.,15
6,Pfda3da68,I believe privacy-preserving ai techniques like federated learning show promise.,I believe privacy-preserving ai techniques like federated learning show promise.,C1,"From my perspective, privacy-preserving ai techniques like f...",15
6,Pfdacd6bf,It's crucial that clear boundaries between innovation and surveillance.,It's crucial that clear boundaries between innovation and surveillance.,C6,"From my perspective, clear boundaries between innovation and...",14
5,P000a5484,Clear accountability when AI systems produce biased results.,Clear accountability when AI systems produce biased results.,C7,Clear accountability when AI systems produce biased results.,14
5,P006937c9,Representative training data that reflects human diversity. This is fundamentally important.,Representative training data that reflects human diversity. This is fundamentall...,C6,"From my perspective, representative training data that refle...",14
5,P05e6a3a1,Regular audits of AI systems for discriminatory outcomes. We cannot afford to ignore this.,Regular audits of AI systems for discriminatory outcomes. We cannot afford to ig...,C2,Regular audits of AI systems for discriminatory outcomes. Th...,15
5,P0661ec6e,Diverse teams building AI are essential to identify hidden biases. This is fundamentally important.,Diverse teams building AI are essential to identify hidden biases. This is funda...,C1,It's crucial that diverse teams building ai are essential to...,15
5,P0add2d06,"From my perspective, diverse teams building ai are essential to identify hidden biases.","From my perspective, diverse teams building ai are essential to identify hidden ...",C1,It's crucial that diverse teams building ai are essential to...,15
5,P0eb99b99,Clear accountability when AI systems produce biased results. This is fundamentally important.,Clear accountability when AI systems produce biased results. This is fundamental...,C7,Clear accountability when AI systems produce biased results.,14
5,P131f32c8,"From my perspective, diverse teams building ai are essential to identify hidden biases.","From my perspective, diverse teams building ai are essential to identify hidden ...",C1,It's crucial that diverse teams building ai are essential to...,15
5,P168f0c91,Clear accountability when AI systems produce biased results.,Clear accountability when AI systems produce biased results.,C7,Clear accountability when AI systems produce biased results.,14
5,P190e6d95,Public reporting requirements for fairness metrics. This is fundamentally important.,Public reporting requirements for fairness metrics. This is fundamentally import...,C3,"From my perspective, public reporting requirements for fairn...",14
5,P1b07fbdd,"From my perspective, clear accountability when ai systems produce biased results.","From my perspective, clear accountability when ai systems produce biased results...",C7,Clear accountability when AI systems produce biased results.,14
5,P1d73b124,It's crucial that public reporting requirements for fairness metrics.,It's crucial that public reporting requirements for fairness metrics.,C3,"From my perspective, public reporting requirements for fairn...",14
5,P1ee3821a,Regular audits of AI systems for discriminatory outcomes. We cannot afford to ignore this.,Regular audits of AI systems for discriminatory outcomes. We cannot afford to ig...,C2,Regular audits of AI systems for discriminatory outcomes. Th...,15
5,P20ce77ae,We must consider that regular audits of ai systems for discriminatory outcomes.,We must consider that regular audits of ai systems for discriminatory outcomes.,C2,Regular audits of AI systems for discriminatory outcomes. Th...,15
5,P23224897,We must consider that regular audits of ai systems for discriminatory outcomes.,We must consider that regular audits of ai systems for discriminatory outcomes.,C2,Regular audits of AI systems for discriminatory outcomes. Th...,15
5,P23c4a9b9,Diverse teams building AI are essential to identify hidden biases.,Diverse teams building AI are essential to identify hidden biases.,C1,It's crucial that diverse teams building ai are essential to...,15
5,P24fbff84,It's crucial that diverse teams building ai are essential to identify hidden biases.,It's crucial that diverse teams building ai are essential to identify hidden bia...,C1,It's crucial that diverse teams building ai are essential to...,15
5,P2547830a,"From my perspective, legal frameworks treating algorithmic discrimination like human discrimination.","From my perspective, legal frameworks treating algorithmic discrimination like h...",C5,"From my perspective, legal frameworks treating algorithmic d...",14
5,P262efb3e,Regular audits of AI systems for discriminatory outcomes. This is fundamentally important.,Regular audits of AI systems for discriminatory outcomes. This is fundamentally ...,C2,Regular audits of AI systems for discriminatory outcomes. Th...,15
5,P27631a9f,We must consider that representative training data that reflects human diversity.,We must consider that representative training data that reflects human diversity...,C6,"From my perspective, representative training data that refle...",14
5,P27f9b918,Public reporting requirements for fairness metrics. This is fundamentally important.,Public reporting requirements for fairness metrics. This is fundamentally import...,C3,"From my perspective, public reporting requirements for fairn...",14
5,P2cdb9814,Legal frameworks treating algorithmic discrimination like human discrimination.,Legal frameworks treating algorithmic discrimination like human discrimination.,C5,"From my perspective, legal frameworks treating algorithmic d...",14
5,P2f985e95,"From my perspective, representative training data that reflects human diversity.","From my perspective, representative training data that reflects human diversity.",C6,"From my perspective, representative training data that refle...",14
5,P31d67d3b,Legal frameworks treating algorithmic discrimination like human discrimination.,Legal frameworks treating algorithmic discrimination like human discrimination.,C5,"From my perspective, legal frameworks treating algorithmic d...",14
5,P360e4eff,Representative training data that reflects human diversity. This is fundamentally important.,Representative training data that reflects human diversity. This is fundamentall...,C6,"From my perspective, representative training data that refle...",14
5,P36cc190c,It's crucial that regular audits of ai systems for discriminatory outcomes.,It's crucial that regular audits of ai systems for discriminatory outcomes.,C2,Regular audits of AI systems for discriminatory outcomes. Th...,15
5,P3836ca7d,Regular audits of AI systems for discriminatory outcomes. This is fundamentally important.,Regular audits of AI systems for discriminatory outcomes. This is fundamentally ...,C2,Regular audits of AI systems for discriminatory outcomes. Th...,15
5,P3ae7e5c2,I believe diverse teams building ai are essential to identify hidden biases.,I believe diverse teams building ai are essential to identify hidden biases.,C1,It's crucial that diverse teams building ai are essential to...,15
5,P3b25a331,I believe regular audits of ai systems for discriminatory outcomes.,I believe regular audits of ai systems for discriminatory outcomes.,C2,Regular audits of AI systems for discriminatory outcomes. Th...,15
5,P3ff5b54c,Community involvement in AI development affecting their lives.,Community involvement in AI development affecting their lives.,C4,We must consider that community involvement in ai developmen...,14
5,P4395a771,"From my perspective, representative training data that reflects human diversity.","From my perspective, representative training data that reflects human diversity.",C6,"From my perspective, representative training data that refle...",14
5,P497d37fe,I believe diverse teams building ai are essential to identify hidden biases.,I believe diverse teams building ai are essential to identify hidden biases.,C1,It's crucial that diverse teams building ai are essential to...,15
5,P4adeb1de,It's crucial that community involvement in ai development affecting their lives.,It's crucial that community involvement in ai development affecting their lives.,C4,We must consider that community involvement in ai developmen...,14
5,P4c05e249,It's crucial that legal frameworks treating algorithmic discrimination like human discrimination.,It's crucial that legal frameworks treating algorithmic discrimination like huma...,C5,"From my perspective, legal frameworks treating algorithmic d...",14
5,P4e8e9b9c,We must consider that community involvement in ai development affecting their lives.,We must consider that community involvement in ai development affecting their li...,C4,We must consider that community involvement in ai developmen...,14
5,P504d565a,It's crucial that clear accountability when ai systems produce biased results.,It's crucial that clear accountability when ai systems produce biased results.,C7,Clear accountability when AI systems produce biased results.,14
5,P512efe84,Regular audits of AI systems for discriminatory outcomes. This is fundamentally important.,Regular audits of AI systems for discriminatory outcomes. This is fundamentally ...,C2,Regular audits of AI systems for discriminatory outcomes. Th...,15
5,P51892015,We must consider that public reporting requirements for fairness metrics.,We must consider that public reporting requirements for fairness metrics.,C3,"From my perspective, public reporting requirements for fairn...",14
5,P5682fc21,Clear accountability when AI systems produce biased results. This is fundamentally important.,Clear accountability when AI systems produce biased results. This is fundamental...,C7,Clear accountability when AI systems produce biased results.,14
5,P57cb6f7e,We must consider that clear accountability when ai systems produce biased results.,We must consider that clear accountability when ai systems produce biased result...,C7,Clear accountability when AI systems produce biased results.,14
5,P5b8664a6,We must consider that community involvement in ai development affecting their lives.,We must consider that community involvement in ai development affecting their li...,C4,We must consider that community involvement in ai developmen...,14
5,P5c65416c,I believe public reporting requirements for fairness metrics.,I believe public reporting requirements for fairness metrics.,C3,"From my perspective, public reporting requirements for fairn...",14
5,P5cf072e0,It's crucial that regular audits of ai systems for discriminatory outcomes.,It's crucial that regular audits of ai systems for discriminatory outcomes.,C2,Regular audits of AI systems for discriminatory outcomes. Th...,15
5,P5f408b6f,"From my perspective, representative training data that reflects human diversity.","From my perspective, representative training data that reflects human diversity.",C6,"From my perspective, representative training data that refle...",14
5,P61887846,"From my perspective, public reporting requirements for fairness metrics.","From my perspective, public reporting requirements for fairness metrics.",C3,"From my perspective, public reporting requirements for fairn...",14
5,P61ecbb02,It's crucial that clear accountability when ai systems produce biased results.,It's crucial that clear accountability when ai systems produce biased results.,C7,Clear accountability when AI systems produce biased results.,14
5,P63e59170,It's crucial that representative training data that reflects human diversity.,It's crucial that representative training data that reflects human diversity.,C6,"From my perspective, representative training data that refle...",14
5,P64995125,Public reporting requirements for fairness metrics. We cannot afford to ignore this.,Public reporting requirements for fairness metrics. We cannot afford to ignore t...,C3,"From my perspective, public reporting requirements for fairn...",14
5,P6639a427,I believe legal frameworks treating algorithmic discrimination like human discrimination.,I believe legal frameworks treating algorithmic discrimination like human discri...,C5,"From my perspective, legal frameworks treating algorithmic d...",14
5,P6824dbe6,Public reporting requirements for fairness metrics. We cannot afford to ignore this.,Public reporting requirements for fairness metrics. We cannot afford to ignore t...,C3,"From my perspective, public reporting requirements for fairn...",14
5,P6b22ea83,I believe community involvement in ai development affecting their lives.,I believe community involvement in ai development affecting their lives.,C4,We must consider that community involvement in ai developmen...,14
5,P6c5d2547,It's crucial that diverse teams building ai are essential to identify hidden biases.,It's crucial that diverse teams building ai are essential to identify hidden bia...,C1,It's crucial that diverse teams building ai are essential to...,15
5,P6d2a23b9,Diverse teams building AI are essential to identify hidden biases. This is fundamentally important.,Diverse teams building AI are essential to identify hidden biases. This is funda...,C1,It's crucial that diverse teams building ai are essential to...,15
5,P71764af9,It's crucial that representative training data that reflects human diversity.,It's crucial that representative training data that reflects human diversity.,C6,"From my perspective, representative training data that refle...",14
5,P7177a4e6,We must consider that regular audits of ai systems for discriminatory outcomes.,We must consider that regular audits of ai systems for discriminatory outcomes.,C2,Regular audits of AI systems for discriminatory outcomes. Th...,15
5,P7521d8ab,We must consider that community involvement in ai development affecting their lives.,We must consider that community involvement in ai development affecting their li...,C4,We must consider that community involvement in ai developmen...,14
5,P759aabf3,Public reporting requirements for fairness metrics.,Public reporting requirements for fairness metrics.,C3,"From my perspective, public reporting requirements for fairn...",14
5,P776d9aa7,It's crucial that community involvement in ai development affecting their lives.,It's crucial that community involvement in ai development affecting their lives.,C4,We must consider that community involvement in ai developmen...,14
5,P78eb7418,Regular audits of AI systems for discriminatory outcomes. This is fundamentally important.,Regular audits of AI systems for discriminatory outcomes. This is fundamentally ...,C2,Regular audits of AI systems for discriminatory outcomes. Th...,15
5,P80b2eea9,Representative training data that reflects human diversity. This is fundamentally important.,Representative training data that reflects human diversity. This is fundamentall...,C6,"From my perspective, representative training data that refle...",14
5,P8101b76c,Public reporting requirements for fairness metrics.,Public reporting requirements for fairness metrics.,C3,"From my perspective, public reporting requirements for fairn...",14
5,P829cd464,It's crucial that diverse teams building ai are essential to identify hidden biases.,It's crucial that diverse teams building ai are essential to identify hidden bia...,C1,It's crucial that diverse teams building ai are essential to...,15
5,P89a712c3,We must consider that diverse teams building ai are essential to identify hidden biases.,We must consider that diverse teams building ai are essential to identify hidden...,C1,It's crucial that diverse teams building ai are essential to...,15
5,P8b0e855b,I believe diverse teams building ai are essential to identify hidden biases.,I believe diverse teams building ai are essential to identify hidden biases.,C1,It's crucial that diverse teams building ai are essential to...,15
5,P91bf5e99,Public reporting requirements for fairness metrics. This is fundamentally important.,Public reporting requirements for fairness metrics. This is fundamentally import...,C3,"From my perspective, public reporting requirements for fairn...",14
5,P95e3153b,"From my perspective, legal frameworks treating algorithmic discrimination like human discrimination.","From my perspective, legal frameworks treating algorithmic discrimination like h...",C5,"From my perspective, legal frameworks treating algorithmic d...",14
5,P9d58b963,It's crucial that community involvement in ai development affecting their lives.,It's crucial that community involvement in ai development affecting their lives.,C4,We must consider that community involvement in ai developmen...,14
5,Pa1714937,I believe representative training data that reflects human diversity.,I believe representative training data that reflects human diversity.,C6,"From my perspective, representative training data that refle...",14
5,Pa1c63eed,I believe community involvement in ai development affecting their lives.,I believe community involvement in ai development affecting their lives.,C4,We must consider that community involvement in ai developmen...,14
5,Pa4fccbf3,"From my perspective, representative training data that reflects human diversity.","From my perspective, representative training data that reflects human diversity.",C6,"From my perspective, representative training data that refle...",14
5,Pa88028c8,"From my perspective, legal frameworks treating algorithmic discrimination like human discrimination.","From my perspective, legal frameworks treating algorithmic discrimination like h...",C5,"From my perspective, legal frameworks treating algorithmic d...",14
5,Pab885aa9,We must consider that community involvement in ai development affecting their lives.,We must consider that community involvement in ai development affecting their li...,C4,We must consider that community involvement in ai developmen...,14
5,Pb6a694e6,I believe representative training data that reflects human diversity.,I believe representative training data that reflects human diversity.,C6,"From my perspective, representative training data that refle...",14
5,Pb880c25e,I believe clear accountability when ai systems produce biased results.,I believe clear accountability when ai systems produce biased results.,C7,Clear accountability when AI systems produce biased results.,14
5,Pba96e22c,We must consider that clear accountability when ai systems produce biased results.,We must consider that clear accountability when ai systems produce biased result...,C7,Clear accountability when AI systems produce biased results.,14
5,Pbaa47570,Clear accountability when AI systems produce biased results. This is fundamentally important.,Clear accountability when AI systems produce biased results. This is fundamental...,C7,Clear accountability when AI systems produce biased results.,14
5,Pbba0d4fb,Diverse teams building AI are essential to identify hidden biases. We cannot afford to ignore this.,Diverse teams building AI are essential to identify hidden biases. We cannot aff...,C1,It's crucial that diverse teams building ai are essential to...,15
5,Pc57acc64,Public reporting requirements for fairness metrics.,Public reporting requirements for fairness metrics.,C3,"From my perspective, public reporting requirements for fairn...",14
5,Pc5878b4f,I believe legal frameworks treating algorithmic discrimination like human discrimination.,I believe legal frameworks treating algorithmic discrimination like human discri...,C5,"From my perspective, legal frameworks treating algorithmic d...",14
5,Pc6180062,Public reporting requirements for fairness metrics. We cannot afford to ignore this.,Public reporting requirements for fairness metrics. We cannot afford to ignore t...,C3,"From my perspective, public reporting requirements for fairn...",14
5,Pc7a83175,Legal frameworks treating algorithmic discrimination like human discrimination. This is fundamentall...,Legal frameworks treating algorithmic discrimination like human discrimination. ...,C5,"From my perspective, legal frameworks treating algorithmic d...",14
5,Pc88136a7,It's crucial that legal frameworks treating algorithmic discrimination like human discrimination.,It's crucial that legal frameworks treating algorithmic discrimination like huma...,C5,"From my perspective, legal frameworks treating algorithmic d...",14
5,Pca4dcab8,I believe regular audits of ai systems for discriminatory outcomes.,I believe regular audits of ai systems for discriminatory outcomes.,C2,Regular audits of AI systems for discriminatory outcomes. Th...,15
5,Pcb77d9bd,We must consider that representative training data that reflects human diversity.,We must consider that representative training data that reflects human diversity...,C6,"From my perspective, representative training data that refle...",14
5,Pcdfdb02f,Clear accountability when AI systems produce biased results. This is fundamentally important.,Clear accountability when AI systems produce biased results. This is fundamental...,C7,Clear accountability when AI systems produce biased results.,14
5,Pcf2f7ae0,I believe legal frameworks treating algorithmic discrimination like human discrimination.,I believe legal frameworks treating algorithmic discrimination like human discri...,C5,"From my perspective, legal frameworks treating algorithmic d...",14
5,Pd0dd922e,I believe clear accountability when ai systems produce biased results.,I believe clear accountability when ai systems produce biased results.,C7,Clear accountability when AI systems produce biased results.,14
5,Pd1580603,I believe community involvement in ai development affecting their lives.,I believe community involvement in ai development affecting their lives.,C4,We must consider that community involvement in ai developmen...,14
5,Pd210264b,Representative training data that reflects human diversity.,Representative training data that reflects human diversity.,C6,"From my perspective, representative training data that refle...",14
5,Pde8a4fa7,It's crucial that legal frameworks treating algorithmic discrimination like human discrimination.,It's crucial that legal frameworks treating algorithmic discrimination like huma...,C5,"From my perspective, legal frameworks treating algorithmic d...",14
5,Pe18ff10f,We must consider that community involvement in ai development affecting their lives.,We must consider that community involvement in ai development affecting their li...,C4,We must consider that community involvement in ai developmen...,14
5,Pe6bca442,I believe legal frameworks treating algorithmic discrimination like human discrimination.,I believe legal frameworks treating algorithmic discrimination like human discri...,C5,"From my perspective, legal frameworks treating algorithmic d...",14
5,Pe7b6d36b,Clear accountability when AI systems produce biased results.,Clear accountability when AI systems produce biased results.,C7,Clear accountability when AI systems produce biased results.,14
5,Pe818df3b,"From my perspective, public reporting requirements for fairness metrics.","From my perspective, public reporting requirements for fairness metrics.",C3,"From my perspective, public reporting requirements for fairn...",14
5,Pf1016d97,"From my perspective, regular audits of ai systems for discriminatory outcomes.","From my perspective, regular audits of ai systems for discriminatory outcomes.",C2,Regular audits of AI systems for discriminatory outcomes. Th...,15
5,Pf2549298,I believe community involvement in ai development affecting their lives.,I believe community involvement in ai development affecting their lives.,C4,We must consider that community involvement in ai developmen...,14
5,Pf3d98eca,It's crucial that diverse teams building ai are essential to identify hidden biases.,It's crucial that diverse teams building ai are essential to identify hidden bia...,C1,It's crucial that diverse teams building ai are essential to...,15
5,Pfc1eaa27,Legal frameworks treating algorithmic discrimination like human discrimination. We cannot afford to ...,Legal frameworks treating algorithmic discrimination like human discrimination. ...,C5,"From my perspective, legal frameworks treating algorithmic d...",14
5,Pfd091ffb,Diverse teams building AI are essential to identify hidden biases.,Diverse teams building AI are essential to identify hidden biases.,C1,It's crucial that diverse teams building ai are essential to...,15
5,Pfda3da68,We must consider that regular audits of ai systems for discriminatory outcomes.,We must consider that regular audits of ai systems for discriminatory outcomes.,C2,Regular audits of AI systems for discriminatory outcomes. Th...,15
5,Pfdacd6bf,Community involvement in AI development affecting their lives. We cannot afford to ignore this.,Community involvement in AI development affecting their lives. We cannot afford ...,C4,We must consider that community involvement in ai developmen...,14
4,P000a5484,"New job categories will emerge, but transition period will be challenging.","New job categories will emerge, but transition period will be challenging.",C4,"We must consider that new job categories will emerge, but tr...",14
4,P006937c9,AI could worsen inequality if benefits concentrate in tech companies. This is fundamentally importan...,AI could worsen inequality if benefits concentrate in tech companies. This is fu...,C3,AI could worsen inequality if benefits concentrate in tech c...,14
4,P05e6a3a1,It's crucial that massive retraining programs needed for workers displaced by automation.,It's crucial that massive retraining programs needed for workers displaced by au...,C2,It's crucial that massive retraining programs needed for wor...,15
4,P0661ec6e,It's crucial that universal basic income may become necessary as ai automates jobs.,It's crucial that universal basic income may become necessary as ai automates jo...,C1,"From my perspective, universal basic income may become neces...",15
4,P0add2d06,"From my perspective, universal basic income may become necessary as ai automates jobs.","From my perspective, universal basic income may become necessary as ai automates...",C1,"From my perspective, universal basic income may become neces...",15
4,P0eb99b99,"We must consider that new job categories will emerge, but transition period will be challenging.","We must consider that new job categories will emerge, but transition period will...",C4,"We must consider that new job categories will emerge, but tr...",14
4,P131f32c8,Universal basic income may become necessary as AI automates jobs.,Universal basic income may become necessary as AI automates jobs.,C1,"From my perspective, universal basic income may become neces...",15
4,P168f0c91,"We must consider that new job categories will emerge, but transition period will be challenging.","We must consider that new job categories will emerge, but transition period will...",C4,"We must consider that new job categories will emerge, but tr...",14
4,P190e6d95,"From my perspective, wealth redistribution mechanisms needed to share ai productivity gains.","From my perspective, wealth redistribution mechanisms needed to share ai product...",C5,"From my perspective, wealth redistribution mechanisms needed...",14
4,P1b07fbdd,"New job categories will emerge, but transition period will be challenging.","New job categories will emerge, but transition period will be challenging.",C4,"We must consider that new job categories will emerge, but tr...",14
4,P1d73b124,Wealth redistribution mechanisms needed to share AI productivity gains.,Wealth redistribution mechanisms needed to share AI productivity gains.,C5,"From my perspective, wealth redistribution mechanisms needed...",14
4,P1ee3821a,Massive retraining programs needed for workers displaced by automation. This is fundamentally import...,Massive retraining programs needed for workers displaced by automation. This is ...,C2,It's crucial that massive retraining programs needed for wor...,15
4,P20ce77ae,It's crucial that massive retraining programs needed for workers displaced by automation.,It's crucial that massive retraining programs needed for workers displaced by au...,C2,It's crucial that massive retraining programs needed for wor...,15
4,P23224897,I believe massive retraining programs needed for workers displaced by automation.,I believe massive retraining programs needed for workers displaced by automation...,C2,It's crucial that massive retraining programs needed for wor...,15
4,P23c4a9b9,I believe universal basic income may become necessary as ai automates jobs.,I believe universal basic income may become necessary as ai automates jobs.,C1,"From my perspective, universal basic income may become neces...",15
4,P24fbff84,Universal basic income may become necessary as AI automates jobs. We cannot afford to ignore this.,Universal basic income may become necessary as AI automates jobs. We cannot affo...,C1,"From my perspective, universal basic income may become neces...",15
4,P2547830a,Labor unions and worker protections must adapt to AI-driven workplace. We cannot afford to ignore th...,Labor unions and worker protections must adapt to AI-driven workplace. We cannot...,C7,"From my perspective, labor unions and worker protections mus...",14
4,P262efb3e,"From my perspective, massive retraining programs needed for workers displaced by automation.","From my perspective, massive retraining programs needed for workers displaced by...",C2,It's crucial that massive retraining programs needed for wor...,15
4,P27631a9f,It's crucial that ai could worsen inequality if benefits concentrate in tech companies.,It's crucial that ai could worsen inequality if benefits concentrate in tech com...,C3,AI could worsen inequality if benefits concentrate in tech c...,14
4,P27f9b918,It's crucial that wealth redistribution mechanisms needed to share ai productivity gains.,It's crucial that wealth redistribution mechanisms needed to share ai productivi...,C5,"From my perspective, wealth redistribution mechanisms needed...",14
4,P2cdb9814,Labor unions and worker protections must adapt to AI-driven workplace. This is fundamentally importa...,Labor unions and worker protections must adapt to AI-driven workplace. This is f...,C7,"From my perspective, labor unions and worker protections mus...",14
4,P2f985e95,AI could worsen inequality if benefits concentrate in tech companies. We cannot afford to ignore thi...,AI could worsen inequality if benefits concentrate in tech companies. We cannot ...,C3,AI could worsen inequality if benefits concentrate in tech c...,14
4,P31d67d3b,It's crucial that labor unions and worker protections must adapt to ai-driven workplace.,It's crucial that labor unions and worker protections must adapt to ai-driven wo...,C7,"From my perspective, labor unions and worker protections mus...",14
4,P360e4eff,AI could worsen inequality if benefits concentrate in tech companies.,AI could worsen inequality if benefits concentrate in tech companies.,C3,AI could worsen inequality if benefits concentrate in tech c...,14
4,P36cc190c,Massive retraining programs needed for workers displaced by automation. This is fundamentally import...,Massive retraining programs needed for workers displaced by automation. This is ...,C2,It's crucial that massive retraining programs needed for wor...,15
4,P3836ca7d,Massive retraining programs needed for workers displaced by automation. We cannot afford to ignore t...,Massive retraining programs needed for workers displaced by automation. We canno...,C2,It's crucial that massive retraining programs needed for wor...,15
4,P3ae7e5c2,"From my perspective, universal basic income may become necessary as ai automates jobs.","From my perspective, universal basic income may become necessary as ai automates...",C1,"From my perspective, universal basic income may become neces...",15
4,P3b25a331,It's crucial that massive retraining programs needed for workers displaced by automation.,It's crucial that massive retraining programs needed for workers displaced by au...,C2,It's crucial that massive retraining programs needed for wor...,15
4,P3ff5b54c,Education focus should shift to uniquely human skills AI can't replicate. This is fundamentally impo...,Education focus should shift to uniquely human skills AI can't replicate. This i...,C6,It's crucial that education focus should shift to uniquely h...,14
4,P4395a771,We must consider that ai could worsen inequality if benefits concentrate in tech companies.,We must consider that ai could worsen inequality if benefits concentrate in tech...,C3,AI could worsen inequality if benefits concentrate in tech c...,14
4,P497d37fe,Universal basic income may become necessary as AI automates jobs.,Universal basic income may become necessary as AI automates jobs.,C1,"From my perspective, universal basic income may become neces...",15
4,P4adeb1de,It's crucial that education focus should shift to uniquely human skills ai can't replicate.,It's crucial that education focus should shift to uniquely human skills ai can't...,C6,It's crucial that education focus should shift to uniquely h...,14
4,P4c05e249,"From my perspective, labor unions and worker protections must adapt to ai-driven workplace.","From my perspective, labor unions and worker protections must adapt to ai-driven...",C7,"From my perspective, labor unions and worker protections mus...",14
4,P4e8e9b9c,We must consider that education focus should shift to uniquely human skills ai can't replicate.,We must consider that education focus should shift to uniquely human skills ai c...,C6,It's crucial that education focus should shift to uniquely h...,14
4,P504d565a,"We must consider that new job categories will emerge, but transition period will be challenging.","We must consider that new job categories will emerge, but transition period will...",C4,"We must consider that new job categories will emerge, but tr...",14
4,P512efe84,It's crucial that massive retraining programs needed for workers displaced by automation.,It's crucial that massive retraining programs needed for workers displaced by au...,C2,It's crucial that massive retraining programs needed for wor...,15
4,P51892015,I believe wealth redistribution mechanisms needed to share ai productivity gains.,I believe wealth redistribution mechanisms needed to share ai productivity gains...,C5,"From my perspective, wealth redistribution mechanisms needed...",14
4,P5682fc21,"New job categories will emerge, but transition period will be challenging. This is fundamentally imp...","New job categories will emerge, but transition period will be challenging. This ...",C4,"We must consider that new job categories will emerge, but tr...",14
4,P57cb6f7e,"New job categories will emerge, but transition period will be challenging. We cannot afford to ignor...","New job categories will emerge, but transition period will be challenging. We ca...",C4,"We must consider that new job categories will emerge, but tr...",14
4,P5b8664a6,Education focus should shift to uniquely human skills AI can't replicate. We cannot afford to ignore...,Education focus should shift to uniquely human skills AI can't replicate. We can...,C6,It's crucial that education focus should shift to uniquely h...,14
4,P5c65416c,It's crucial that wealth redistribution mechanisms needed to share ai productivity gains.,It's crucial that wealth redistribution mechanisms needed to share ai productivi...,C5,"From my perspective, wealth redistribution mechanisms needed...",14
4,P5cf072e0,Massive retraining programs needed for workers displaced by automation. This is fundamentally import...,Massive retraining programs needed for workers displaced by automation. This is ...,C2,It's crucial that massive retraining programs needed for wor...,15
4,P5f408b6f,AI could worsen inequality if benefits concentrate in tech companies.,AI could worsen inequality if benefits concentrate in tech companies.,C3,AI could worsen inequality if benefits concentrate in tech c...,14
4,P61887846,We must consider that wealth redistribution mechanisms needed to share ai productivity gains.,We must consider that wealth redistribution mechanisms needed to share ai produc...,C5,"From my perspective, wealth redistribution mechanisms needed...",14
4,P61ecbb02,"New job categories will emerge, but transition period will be challenging.","New job categories will emerge, but transition period will be challenging.",C4,"We must consider that new job categories will emerge, but tr...",14
4,P63e59170,AI could worsen inequality if benefits concentrate in tech companies. This is fundamentally importan...,AI could worsen inequality if benefits concentrate in tech companies. This is fu...,C3,AI could worsen inequality if benefits concentrate in tech c...,14
4,P64995125,It's crucial that wealth redistribution mechanisms needed to share ai productivity gains.,It's crucial that wealth redistribution mechanisms needed to share ai productivi...,C5,"From my perspective, wealth redistribution mechanisms needed...",14
4,P6639a427,Labor unions and worker protections must adapt to AI-driven workplace.,Labor unions and worker protections must adapt to AI-driven workplace.,C7,"From my perspective, labor unions and worker protections mus...",14
4,P6824dbe6,Wealth redistribution mechanisms needed to share AI productivity gains.,Wealth redistribution mechanisms needed to share AI productivity gains.,C5,"From my perspective, wealth redistribution mechanisms needed...",14
4,P6b22ea83,Education focus should shift to uniquely human skills AI can't replicate.,Education focus should shift to uniquely human skills AI can't replicate.,C6,It's crucial that education focus should shift to uniquely h...,14
4,P6c5d2547,"From my perspective, universal basic income may become necessary as ai automates jobs.","From my perspective, universal basic income may become necessary as ai automates...",C1,"From my perspective, universal basic income may become neces...",15
4,P6d2a23b9,We must consider that universal basic income may become necessary as ai automates jobs.,We must consider that universal basic income may become necessary as ai automate...,C1,"From my perspective, universal basic income may become neces...",15
4,P71764af9,AI could worsen inequality if benefits concentrate in tech companies. This is fundamentally importan...,AI could worsen inequality if benefits concentrate in tech companies. This is fu...,C3,AI could worsen inequality if benefits concentrate in tech c...,14
4,P7177a4e6,It's crucial that massive retraining programs needed for workers displaced by automation.,It's crucial that massive retraining programs needed for workers displaced by au...,C2,It's crucial that massive retraining programs needed for wor...,15
4,P7521d8ab,I believe education focus should shift to uniquely human skills ai can't replicate.,I believe education focus should shift to uniquely human skills ai can't replica...,C6,It's crucial that education focus should shift to uniquely h...,14
4,P759aabf3,"From my perspective, wealth redistribution mechanisms needed to share ai productivity gains.","From my perspective, wealth redistribution mechanisms needed to share ai product...",C5,"From my perspective, wealth redistribution mechanisms needed...",14
4,P776d9aa7,"From my perspective, education focus should shift to uniquely human skills ai can't replicate.","From my perspective, education focus should shift to uniquely human skills ai ca...",C6,It's crucial that education focus should shift to uniquely h...,14
4,P78eb7418,Massive retraining programs needed for workers displaced by automation. This is fundamentally import...,Massive retraining programs needed for workers displaced by automation. This is ...,C2,It's crucial that massive retraining programs needed for wor...,15
4,P80b2eea9,I believe ai could worsen inequality if benefits concentrate in tech companies.,I believe ai could worsen inequality if benefits concentrate in tech companies.,C3,AI could worsen inequality if benefits concentrate in tech c...,14
4,P8101b76c,"From my perspective, wealth redistribution mechanisms needed to share ai productivity gains.","From my perspective, wealth redistribution mechanisms needed to share ai product...",C5,"From my perspective, wealth redistribution mechanisms needed...",14
4,P829cd464,Universal basic income may become necessary as AI automates jobs. This is fundamentally important.,Universal basic income may become necessary as AI automates jobs. This is fundam...,C1,"From my perspective, universal basic income may become neces...",15
4,P89a712c3,Universal basic income may become necessary as AI automates jobs. We cannot afford to ignore this.,Universal basic income may become necessary as AI automates jobs. We cannot affo...,C1,"From my perspective, universal basic income may become neces...",15
4,P8b0e855b,Universal basic income may become necessary as AI automates jobs. This is fundamentally important.,Universal basic income may become necessary as AI automates jobs. This is fundam...,C1,"From my perspective, universal basic income may become neces...",15
4,P91bf5e99,I believe wealth redistribution mechanisms needed to share ai productivity gains.,I believe wealth redistribution mechanisms needed to share ai productivity gains...,C5,"From my perspective, wealth redistribution mechanisms needed...",14
4,P95e3153b,It's crucial that labor unions and worker protections must adapt to ai-driven workplace.,It's crucial that labor unions and worker protections must adapt to ai-driven wo...,C7,"From my perspective, labor unions and worker protections mus...",14
4,P9d58b963,Education focus should shift to uniquely human skills AI can't replicate.,Education focus should shift to uniquely human skills AI can't replicate.,C6,It's crucial that education focus should shift to uniquely h...,14
4,Pa1714937,I believe ai could worsen inequality if benefits concentrate in tech companies.,I believe ai could worsen inequality if benefits concentrate in tech companies.,C3,AI could worsen inequality if benefits concentrate in tech c...,14
4,Pa1c63eed,It's crucial that education focus should shift to uniquely human skills ai can't replicate.,It's crucial that education focus should shift to uniquely human skills ai can't...,C6,It's crucial that education focus should shift to uniquely h...,14
4,Pa4fccbf3,AI could worsen inequality if benefits concentrate in tech companies.,AI could worsen inequality if benefits concentrate in tech companies.,C3,AI could worsen inequality if benefits concentrate in tech c...,14
4,Pa88028c8,"From my perspective, labor unions and worker protections must adapt to ai-driven workplace.","From my perspective, labor unions and worker protections must adapt to ai-driven...",C7,"From my perspective, labor unions and worker protections mus...",14
4,Pab885aa9,We must consider that education focus should shift to uniquely human skills ai can't replicate.,We must consider that education focus should shift to uniquely human skills ai c...,C6,It's crucial that education focus should shift to uniquely h...,14
4,Pb6a694e6,AI could worsen inequality if benefits concentrate in tech companies. We cannot afford to ignore thi...,AI could worsen inequality if benefits concentrate in tech companies. We cannot ...,C3,AI could worsen inequality if benefits concentrate in tech c...,14
4,Pb880c25e,"New job categories will emerge, but transition period will be challenging. This is fundamentally imp...","New job categories will emerge, but transition period will be challenging. This ...",C4,"We must consider that new job categories will emerge, but tr...",14
4,Pba96e22c,"We must consider that new job categories will emerge, but transition period will be challenging.","We must consider that new job categories will emerge, but transition period will...",C4,"We must consider that new job categories will emerge, but tr...",14
4,Pbaa47570,"New job categories will emerge, but transition period will be challenging. We cannot afford to ignor...","New job categories will emerge, but transition period will be challenging. We ca...",C4,"We must consider that new job categories will emerge, but tr...",14
4,Pbba0d4fb,It's crucial that universal basic income may become necessary as ai automates jobs.,It's crucial that universal basic income may become necessary as ai automates jo...,C1,"From my perspective, universal basic income may become neces...",15
4,Pc57acc64,It's crucial that wealth redistribution mechanisms needed to share ai productivity gains.,It's crucial that wealth redistribution mechanisms needed to share ai productivi...,C5,"From my perspective, wealth redistribution mechanisms needed...",14
4,Pc5878b4f,I believe labor unions and worker protections must adapt to ai-driven workplace.,I believe labor unions and worker protections must adapt to ai-driven workplace.,C7,"From my perspective, labor unions and worker protections mus...",14
4,Pc6180062,I believe wealth redistribution mechanisms needed to share ai productivity gains.,I believe wealth redistribution mechanisms needed to share ai productivity gains...,C5,"From my perspective, wealth redistribution mechanisms needed...",14
4,Pc7a83175,I believe labor unions and worker protections must adapt to ai-driven workplace.,I believe labor unions and worker protections must adapt to ai-driven workplace.,C7,"From my perspective, labor unions and worker protections mus...",14
4,Pc88136a7,Labor unions and worker protections must adapt to AI-driven workplace. This is fundamentally importa...,Labor unions and worker protections must adapt to AI-driven workplace. This is f...,C7,"From my perspective, labor unions and worker protections mus...",14
4,Pca4dcab8,Massive retraining programs needed for workers displaced by automation. We cannot afford to ignore t...,Massive retraining programs needed for workers displaced by automation. We canno...,C2,It's crucial that massive retraining programs needed for wor...,15
4,Pcb77d9bd,AI could worsen inequality if benefits concentrate in tech companies.,AI could worsen inequality if benefits concentrate in tech companies.,C3,AI could worsen inequality if benefits concentrate in tech c...,14
4,Pcdfdb02f,"I believe new job categories will emerge, but transition period will be challenging.","I believe new job categories will emerge, but transition period will be challeng...",C4,"We must consider that new job categories will emerge, but tr...",14
4,Pcf2f7ae0,Labor unions and worker protections must adapt to AI-driven workplace.,Labor unions and worker protections must adapt to AI-driven workplace.,C7,"From my perspective, labor unions and worker protections mus...",14
4,Pd0dd922e,"New job categories will emerge, but transition period will be challenging. We cannot afford to ignor...","New job categories will emerge, but transition period will be challenging. We ca...",C4,"We must consider that new job categories will emerge, but tr...",14
4,Pd1580603,It's crucial that education focus should shift to uniquely human skills ai can't replicate.,It's crucial that education focus should shift to uniquely human skills ai can't...,C6,It's crucial that education focus should shift to uniquely h...,14
4,Pd210264b,"From my perspective, ai could worsen inequality if benefits concentrate in tech companies.","From my perspective, ai could worsen inequality if benefits concentrate in tech ...",C3,AI could worsen inequality if benefits concentrate in tech c...,14
4,Pde8a4fa7,It's crucial that labor unions and worker protections must adapt to ai-driven workplace.,It's crucial that labor unions and worker protections must adapt to ai-driven wo...,C7,"From my perspective, labor unions and worker protections mus...",14
4,Pe18ff10f,It's crucial that education focus should shift to uniquely human skills ai can't replicate.,It's crucial that education focus should shift to uniquely human skills ai can't...,C6,It's crucial that education focus should shift to uniquely h...,14
4,Pe6bca442,"From my perspective, labor unions and worker protections must adapt to ai-driven workplace.","From my perspective, labor unions and worker protections must adapt to ai-driven...",C7,"From my perspective, labor unions and worker protections mus...",14
4,Pe7b6d36b,"We must consider that new job categories will emerge, but transition period will be challenging.","We must consider that new job categories will emerge, but transition period will...",C4,"We must consider that new job categories will emerge, but tr...",14
4,Pe818df3b,Wealth redistribution mechanisms needed to share AI productivity gains. This is fundamentally import...,Wealth redistribution mechanisms needed to share AI productivity gains. This is ...,C5,"From my perspective, wealth redistribution mechanisms needed...",14
4,Pf1016d97,We must consider that massive retraining programs needed for workers displaced by automation.,We must consider that massive retraining programs needed for workers displaced b...,C2,It's crucial that massive retraining programs needed for wor...,15
4,Pf2549298,I believe education focus should shift to uniquely human skills ai can't replicate.,I believe education focus should shift to uniquely human skills ai can't replica...,C6,It's crucial that education focus should shift to uniquely h...,14
4,Pf3d98eca,I believe universal basic income may become necessary as ai automates jobs.,I believe universal basic income may become necessary as ai automates jobs.,C1,"From my perspective, universal basic income may become neces...",15
4,Pfc1eaa27,Labor unions and worker protections must adapt to AI-driven workplace. This is fundamentally importa...,Labor unions and worker protections must adapt to AI-driven workplace. This is f...,C7,"From my perspective, labor unions and worker protections mus...",14
4,Pfd091ffb,Universal basic income may become necessary as AI automates jobs. This is fundamentally important.,Universal basic income may become necessary as AI automates jobs. This is fundam...,C1,"From my perspective, universal basic income may become neces...",15
4,Pfda3da68,Massive retraining programs needed for workers displaced by automation. This is fundamentally import...,Massive retraining programs needed for workers displaced by automation. This is ...,C2,It's crucial that massive retraining programs needed for wor...,15
4,Pfdacd6bf,"From my perspective, education focus should shift to uniquely human skills ai can't replicate.","From my perspective, education focus should shift to uniquely human skills ai ca...",C6,It's crucial that education focus should shift to uniquely h...,14
9,P000a5484,"From my perspective, teacher training programs to integrate ai tools effectively.","From my perspective, teacher training programs to integrate ai tools effectively...",C7,"From my perspective, teacher training programs to integrate ...",14
9,P006937c9,"From my perspective, hands-on coding and ai ethics education for all students.","From my perspective, hands-on coding and ai ethics education for all students.",C6,"From my perspective, hands-on coding and ai ethics education...",14
9,P05e6a3a1,I believe curriculum should emphasize creativity and emotional intelligence.,I believe curriculum should emphasize creativity and emotional intelligence.,C2,Curriculum should emphasize creativity and emotional intelli...,15
9,P0661ec6e,I believe critical thinking and ai literacy should start in elementary school.,I believe critical thinking and ai literacy should start in elementary school.,C1,We must consider that critical thinking and ai literacy shou...,15
9,P0add2d06,Critical thinking and AI literacy should start in elementary school. We cannot afford to ignore this...,Critical thinking and AI literacy should start in elementary school. We cannot a...,C1,We must consider that critical thinking and ai literacy shou...,15
9,P0eb99b99,"From my perspective, teacher training programs to integrate ai tools effectively.","From my perspective, teacher training programs to integrate ai tools effectively...",C7,"From my perspective, teacher training programs to integrate ...",14
9,P131f32c8,Critical thinking and AI literacy should start in elementary school. This is fundamentally important...,Critical thinking and AI literacy should start in elementary school. This is fun...,C1,We must consider that critical thinking and ai literacy shou...,15
9,P168f0c91,Teacher training programs to integrate AI tools effectively. We cannot afford to ignore this.,Teacher training programs to integrate AI tools effectively. We cannot afford to...,C7,"From my perspective, teacher training programs to integrate ...",14
9,P190e6d95,We must consider that lifelong learning programs as career changes become more frequent.,We must consider that lifelong learning programs as career changes become more f...,C3,Lifelong learning programs as career changes become more fre...,14
9,P1b07fbdd,"From my perspective, teacher training programs to integrate ai tools effectively.","From my perspective, teacher training programs to integrate ai tools effectively...",C7,"From my perspective, teacher training programs to integrate ...",14
9,P1d73b124,Lifelong learning programs as career changes become more frequent. We cannot afford to ignore this.,Lifelong learning programs as career changes become more frequent. We cannot aff...,C3,Lifelong learning programs as career changes become more fre...,14
9,P1ee3821a,I believe curriculum should emphasize creativity and emotional intelligence.,I believe curriculum should emphasize creativity and emotional intelligence.,C2,Curriculum should emphasize creativity and emotional intelli...,15
9,P20ce77ae,It's crucial that curriculum should emphasize creativity and emotional intelligence.,It's crucial that curriculum should emphasize creativity and emotional intellige...,C2,Curriculum should emphasize creativity and emotional intelli...,15
9,P23224897,Curriculum should emphasize creativity and emotional intelligence.,Curriculum should emphasize creativity and emotional intelligence.,C2,Curriculum should emphasize creativity and emotional intelli...,15
9,P23c4a9b9,Critical thinking and AI literacy should start in elementary school. This is fundamentally important...,Critical thinking and AI literacy should start in elementary school. This is fun...,C1,We must consider that critical thinking and ai literacy shou...,15
9,P24fbff84,Critical thinking and AI literacy should start in elementary school. This is fundamentally important...,Critical thinking and AI literacy should start in elementary school. This is fun...,C1,We must consider that critical thinking and ai literacy shou...,15
9,P2547830a,Digital citizenship education including AI's societal impacts. We cannot afford to ignore this.,Digital citizenship education including AI's societal impacts. We cannot afford ...,C5,Digital citizenship education including AI's societal impact...,14
9,P262efb3e,Curriculum should emphasize creativity and emotional intelligence. This is fundamentally important.,Curriculum should emphasize creativity and emotional intelligence. This is funda...,C2,Curriculum should emphasize creativity and emotional intelli...,15
9,P27631a9f,"From my perspective, hands-on coding and ai ethics education for all students.","From my perspective, hands-on coding and ai ethics education for all students.",C6,"From my perspective, hands-on coding and ai ethics education...",14
9,P27f9b918,Lifelong learning programs as career changes become more frequent.,Lifelong learning programs as career changes become more frequent.,C3,Lifelong learning programs as career changes become more fre...,14
9,P2cdb9814,Digital citizenship education including AI's societal impacts.,Digital citizenship education including AI's societal impacts.,C5,Digital citizenship education including AI's societal impact...,14
9,P2f985e95,I believe hands-on coding and ai ethics education for all students.,I believe hands-on coding and ai ethics education for all students.,C6,"From my perspective, hands-on coding and ai ethics education...",14
9,P31d67d3b,I believe digital citizenship education including ai's societal impacts.,I believe digital citizenship education including ai's societal impacts.,C5,Digital citizenship education including AI's societal impact...,14
9,P360e4eff,Hands-on coding and AI ethics education for all students. This is fundamentally important.,Hands-on coding and AI ethics education for all students. This is fundamentally ...,C6,"From my perspective, hands-on coding and ai ethics education...",14
9,P36cc190c,Curriculum should emphasize creativity and emotional intelligence.,Curriculum should emphasize creativity and emotional intelligence.,C2,Curriculum should emphasize creativity and emotional intelli...,15
9,P3836ca7d,Curriculum should emphasize creativity and emotional intelligence.,Curriculum should emphasize creativity and emotional intelligence.,C2,Curriculum should emphasize creativity and emotional intelli...,15
9,P3ae7e5c2,It's crucial that critical thinking and ai literacy should start in elementary school.,It's crucial that critical thinking and ai literacy should start in elementary s...,C1,We must consider that critical thinking and ai literacy shou...,15
9,P3b25a331,Curriculum should emphasize creativity and emotional intelligence. This is fundamentally important.,Curriculum should emphasize creativity and emotional intelligence. This is funda...,C2,Curriculum should emphasize creativity and emotional intelli...,15
9,P3ff5b54c,"From my perspective, focus on interdisciplinary skills connecting technology with humanities.","From my perspective, focus on interdisciplinary skills connecting technology wit...",C4,Focus on interdisciplinary skills connecting technology with...,14
9,P4395a771,Hands-on coding and AI ethics education for all students.,Hands-on coding and AI ethics education for all students.,C6,"From my perspective, hands-on coding and ai ethics education...",14
9,P497d37fe,I believe critical thinking and ai literacy should start in elementary school.,I believe critical thinking and ai literacy should start in elementary school.,C1,We must consider that critical thinking and ai literacy shou...,15
9,P4adeb1de,I believe focus on interdisciplinary skills connecting technology with humanities.,I believe focus on interdisciplinary skills connecting technology with humanitie...,C4,Focus on interdisciplinary skills connecting technology with...,14
9,P4c05e249,I believe digital citizenship education including ai's societal impacts.,I believe digital citizenship education including ai's societal impacts.,C5,Digital citizenship education including AI's societal impact...,14
9,P4e8e9b9c,Focus on interdisciplinary skills connecting technology with humanities. This is fundamentally impor...,Focus on interdisciplinary skills connecting technology with humanities. This is...,C4,Focus on interdisciplinary skills connecting technology with...,14
9,P504d565a,We must consider that teacher training programs to integrate ai tools effectively.,We must consider that teacher training programs to integrate ai tools effectivel...,C7,"From my perspective, teacher training programs to integrate ...",14
9,P512efe84,We must consider that curriculum should emphasize creativity and emotional intelligence.,We must consider that curriculum should emphasize creativity and emotional intel...,C2,Curriculum should emphasize creativity and emotional intelli...,15
9,P51892015,I believe lifelong learning programs as career changes become more frequent.,I believe lifelong learning programs as career changes become more frequent.,C3,Lifelong learning programs as career changes become more fre...,14
9,P5682fc21,We must consider that teacher training programs to integrate ai tools effectively.,We must consider that teacher training programs to integrate ai tools effectivel...,C7,"From my perspective, teacher training programs to integrate ...",14
9,P57cb6f7e,Teacher training programs to integrate AI tools effectively.,Teacher training programs to integrate AI tools effectively.,C7,"From my perspective, teacher training programs to integrate ...",14
9,P5b8664a6,We must consider that focus on interdisciplinary skills connecting technology with humanities.,We must consider that focus on interdisciplinary skills connecting technology wi...,C4,Focus on interdisciplinary skills connecting technology with...,14
9,P5c65416c,Lifelong learning programs as career changes become more frequent. This is fundamentally important.,Lifelong learning programs as career changes become more frequent. This is funda...,C3,Lifelong learning programs as career changes become more fre...,14
9,P5cf072e0,We must consider that curriculum should emphasize creativity and emotional intelligence.,We must consider that curriculum should emphasize creativity and emotional intel...,C2,Curriculum should emphasize creativity and emotional intelli...,15
9,P5f408b6f,Hands-on coding and AI ethics education for all students.,Hands-on coding and AI ethics education for all students.,C6,"From my perspective, hands-on coding and ai ethics education...",14
9,P61887846,Lifelong learning programs as career changes become more frequent.,Lifelong learning programs as career changes become more frequent.,C3,Lifelong learning programs as career changes become more fre...,14
9,P61ecbb02,Teacher training programs to integrate AI tools effectively.,Teacher training programs to integrate AI tools effectively.,C7,"From my perspective, teacher training programs to integrate ...",14
9,P63e59170,I believe hands-on coding and ai ethics education for all students.,I believe hands-on coding and ai ethics education for all students.,C6,"From my perspective, hands-on coding and ai ethics education...",14
9,P64995125,Lifelong learning programs as career changes become more frequent. We cannot afford to ignore this.,Lifelong learning programs as career changes become more frequent. We cannot aff...,C3,Lifelong learning programs as career changes become more fre...,14
9,P6639a427,We must consider that digital citizenship education including ai's societal impacts.,We must consider that digital citizenship education including ai's societal impa...,C5,Digital citizenship education including AI's societal impact...,14
9,P6824dbe6,Lifelong learning programs as career changes become more frequent. We cannot afford to ignore this.,Lifelong learning programs as career changes become more frequent. We cannot aff...,C3,Lifelong learning programs as career changes become more fre...,14
9,P6b22ea83,Focus on interdisciplinary skills connecting technology with humanities.,Focus on interdisciplinary skills connecting technology with humanities.,C4,Focus on interdisciplinary skills connecting technology with...,14
9,P6c5d2547,"From my perspective, critical thinking and ai literacy should start in elementary school.","From my perspective, critical thinking and ai literacy should start in elementar...",C1,We must consider that critical thinking and ai literacy shou...,15
9,P6d2a23b9,We must consider that critical thinking and ai literacy should start in elementary school.,We must consider that critical thinking and ai literacy should start in elementa...,C1,We must consider that critical thinking and ai literacy shou...,15
9,P71764af9,"From my perspective, hands-on coding and ai ethics education for all students.","From my perspective, hands-on coding and ai ethics education for all students.",C6,"From my perspective, hands-on coding and ai ethics education...",14
9,P7177a4e6,Curriculum should emphasize creativity and emotional intelligence. We cannot afford to ignore this.,Curriculum should emphasize creativity and emotional intelligence. We cannot aff...,C2,Curriculum should emphasize creativity and emotional intelli...,15
9,P7521d8ab,Focus on interdisciplinary skills connecting technology with humanities. We cannot afford to ignore ...,Focus on interdisciplinary skills connecting technology with humanities. We cann...,C4,Focus on interdisciplinary skills connecting technology with...,14
9,P759aabf3,We must consider that lifelong learning programs as career changes become more frequent.,We must consider that lifelong learning programs as career changes become more f...,C3,Lifelong learning programs as career changes become more fre...,14
9,P776d9aa7,We must consider that focus on interdisciplinary skills connecting technology with humanities.,We must consider that focus on interdisciplinary skills connecting technology wi...,C4,Focus on interdisciplinary skills connecting technology with...,14
9,P78eb7418,We must consider that curriculum should emphasize creativity and emotional intelligence.,We must consider that curriculum should emphasize creativity and emotional intel...,C2,Curriculum should emphasize creativity and emotional intelli...,15
9,P80b2eea9,We must consider that hands-on coding and ai ethics education for all students.,We must consider that hands-on coding and ai ethics education for all students.,C6,"From my perspective, hands-on coding and ai ethics education...",14
9,P8101b76c,Lifelong learning programs as career changes become more frequent. This is fundamentally important.,Lifelong learning programs as career changes become more frequent. This is funda...,C3,Lifelong learning programs as career changes become more fre...,14
9,P829cd464,I believe critical thinking and ai literacy should start in elementary school.,I believe critical thinking and ai literacy should start in elementary school.,C1,We must consider that critical thinking and ai literacy shou...,15
9,P89a712c3,"From my perspective, critical thinking and ai literacy should start in elementary school.","From my perspective, critical thinking and ai literacy should start in elementar...",C1,We must consider that critical thinking and ai literacy shou...,15
9,P8b0e855b,We must consider that critical thinking and ai literacy should start in elementary school.,We must consider that critical thinking and ai literacy should start in elementa...,C1,We must consider that critical thinking and ai literacy shou...,15
9,P91bf5e99,Lifelong learning programs as career changes become more frequent.,Lifelong learning programs as career changes become more frequent.,C3,Lifelong learning programs as career changes become more fre...,14
9,P95e3153b,Digital citizenship education including AI's societal impacts. We cannot afford to ignore this.,Digital citizenship education including AI's societal impacts. We cannot afford ...,C5,Digital citizenship education including AI's societal impact...,14
9,P9d58b963,It's crucial that focus on interdisciplinary skills connecting technology with humanities.,It's crucial that focus on interdisciplinary skills connecting technology with h...,C4,Focus on interdisciplinary skills connecting technology with...,14
9,Pa1714937,Hands-on coding and AI ethics education for all students.,Hands-on coding and AI ethics education for all students.,C6,"From my perspective, hands-on coding and ai ethics education...",14
9,Pa1c63eed,I believe focus on interdisciplinary skills connecting technology with humanities.,I believe focus on interdisciplinary skills connecting technology with humanitie...,C4,Focus on interdisciplinary skills connecting technology with...,14
9,Pa4fccbf3,It's crucial that hands-on coding and ai ethics education for all students.,It's crucial that hands-on coding and ai ethics education for all students.,C6,"From my perspective, hands-on coding and ai ethics education...",14
9,Pa88028c8,Digital citizenship education including AI's societal impacts. This is fundamentally important.,Digital citizenship education including AI's societal impacts. This is fundament...,C5,Digital citizenship education including AI's societal impact...,14
9,Pab885aa9,Focus on interdisciplinary skills connecting technology with humanities. This is fundamentally impor...,Focus on interdisciplinary skills connecting technology with humanities. This is...,C4,Focus on interdisciplinary skills connecting technology with...,14
9,Pb6a694e6,Hands-on coding and AI ethics education for all students. This is fundamentally important.,Hands-on coding and AI ethics education for all students. This is fundamentally ...,C6,"From my perspective, hands-on coding and ai ethics education...",14
9,Pb880c25e,Teacher training programs to integrate AI tools effectively.,Teacher training programs to integrate AI tools effectively.,C7,"From my perspective, teacher training programs to integrate ...",14
9,Pba96e22c,Teacher training programs to integrate AI tools effectively.,Teacher training programs to integrate AI tools effectively.,C7,"From my perspective, teacher training programs to integrate ...",14
9,Pbaa47570,Teacher training programs to integrate AI tools effectively. This is fundamentally important.,Teacher training programs to integrate AI tools effectively. This is fundamental...,C7,"From my perspective, teacher training programs to integrate ...",14
9,Pbba0d4fb,We must consider that critical thinking and ai literacy should start in elementary school.,We must consider that critical thinking and ai literacy should start in elementa...,C1,We must consider that critical thinking and ai literacy shou...,15
9,Pc57acc64,It's crucial that lifelong learning programs as career changes become more frequent.,It's crucial that lifelong learning programs as career changes become more frequ...,C3,Lifelong learning programs as career changes become more fre...,14
9,Pc5878b4f,"From my perspective, digital citizenship education including ai's societal impacts.","From my perspective, digital citizenship education including ai's societal impac...",C5,Digital citizenship education including AI's societal impact...,14
9,Pc6180062,Lifelong learning programs as career changes become more frequent. We cannot afford to ignore this.,Lifelong learning programs as career changes become more frequent. We cannot aff...,C3,Lifelong learning programs as career changes become more fre...,14
9,Pc7a83175,Digital citizenship education including AI's societal impacts. This is fundamentally important.,Digital citizenship education including AI's societal impacts. This is fundament...,C5,Digital citizenship education including AI's societal impact...,14
9,Pc88136a7,Digital citizenship education including AI's societal impacts. We cannot afford to ignore this.,Digital citizenship education including AI's societal impacts. We cannot afford ...,C5,Digital citizenship education including AI's societal impact...,14
9,Pca4dcab8,We must consider that curriculum should emphasize creativity and emotional intelligence.,We must consider that curriculum should emphasize creativity and emotional intel...,C2,Curriculum should emphasize creativity and emotional intelli...,15
9,Pcb77d9bd,It's crucial that hands-on coding and ai ethics education for all students.,It's crucial that hands-on coding and ai ethics education for all students.,C6,"From my perspective, hands-on coding and ai ethics education...",14
9,Pcdfdb02f,Teacher training programs to integrate AI tools effectively. We cannot afford to ignore this.,Teacher training programs to integrate AI tools effectively. We cannot afford to...,C7,"From my perspective, teacher training programs to integrate ...",14
9,Pcf2f7ae0,It's crucial that digital citizenship education including ai's societal impacts.,It's crucial that digital citizenship education including ai's societal impacts.,C5,Digital citizenship education including AI's societal impact...,14
9,Pd0dd922e,We must consider that teacher training programs to integrate ai tools effectively.,We must consider that teacher training programs to integrate ai tools effectivel...,C7,"From my perspective, teacher training programs to integrate ...",14
9,Pd1580603,Focus on interdisciplinary skills connecting technology with humanities.,Focus on interdisciplinary skills connecting technology with humanities.,C4,Focus on interdisciplinary skills connecting technology with...,14
9,Pd210264b,Hands-on coding and AI ethics education for all students. We cannot afford to ignore this.,Hands-on coding and AI ethics education for all students. We cannot afford to ig...,C6,"From my perspective, hands-on coding and ai ethics education...",14
9,Pde8a4fa7,I believe digital citizenship education including ai's societal impacts.,I believe digital citizenship education including ai's societal impacts.,C5,Digital citizenship education including AI's societal impact...,14
9,Pe18ff10f,Focus on interdisciplinary skills connecting technology with humanities.,Focus on interdisciplinary skills connecting technology with humanities.,C4,Focus on interdisciplinary skills connecting technology with...,14
9,Pe6bca442,It's crucial that digital citizenship education including ai's societal impacts.,It's crucial that digital citizenship education including ai's societal impacts.,C5,Digital citizenship education including AI's societal impact...,14
9,Pe7b6d36b,It's crucial that teacher training programs to integrate ai tools effectively.,It's crucial that teacher training programs to integrate ai tools effectively.,C7,"From my perspective, teacher training programs to integrate ...",14
9,Pe818df3b,We must consider that lifelong learning programs as career changes become more frequent.,We must consider that lifelong learning programs as career changes become more f...,C3,Lifelong learning programs as career changes become more fre...,14
9,Pf1016d97,I believe curriculum should emphasize creativity and emotional intelligence.,I believe curriculum should emphasize creativity and emotional intelligence.,C2,Curriculum should emphasize creativity and emotional intelli...,15
9,Pf2549298,Focus on interdisciplinary skills connecting technology with humanities. We cannot afford to ignore ...,Focus on interdisciplinary skills connecting technology with humanities. We cann...,C4,Focus on interdisciplinary skills connecting technology with...,14
9,Pf3d98eca,It's crucial that critical thinking and ai literacy should start in elementary school.,It's crucial that critical thinking and ai literacy should start in elementary s...,C1,We must consider that critical thinking and ai literacy shou...,15
9,Pfc1eaa27,I believe digital citizenship education including ai's societal impacts.,I believe digital citizenship education including ai's societal impacts.,C5,Digital citizenship education including AI's societal impact...,14
9,Pfd091ffb,We must consider that critical thinking and ai literacy should start in elementary school.,We must consider that critical thinking and ai literacy should start in elementa...,C1,We must consider that critical thinking and ai literacy shou...,15
9,Pfda3da68,It's crucial that curriculum should emphasize creativity and emotional intelligence.,It's crucial that curriculum should emphasize creativity and emotional intellige...,C2,Curriculum should emphasize creativity and emotional intelli...,15
9,Pfdacd6bf,Focus on interdisciplinary skills connecting technology with humanities. We cannot afford to ignore ...,Focus on interdisciplinary skills connecting technology with humanities. We cann...,C4,Focus on interdisciplinary skills connecting technology with...,14
10,P000a5484,"We must consider that agi development should be collaborative, not competitive.","We must consider that agi development should be collaborative, not competitive.",C4,"From my perspective, agi development should be collaborative...",14
10,P006937c9,Clear red lines on capabilities that shouldn't be developed. This is fundamentally important.,Clear red lines on capabilities that shouldn't be developed. This is fundamental...,C3,Clear red lines on capabilities that shouldn't be developed....,14
10,P05e6a3a1,Extensive safety research before pursuing AGI capabilities.,Extensive safety research before pursuing AGI capabilities.,C2,Extensive safety research before pursuing AGI capabilities.,15
10,P0661ec6e,I believe international coordination essential to prevent dangerous ai race.,I believe international coordination essential to prevent dangerous ai race.,C1,"From my perspective, international coordination essential to...",15
10,P0add2d06,International coordination essential to prevent dangerous AI race. We cannot afford to ignore this.,International coordination essential to prevent dangerous AI race. We cannot aff...,C1,"From my perspective, international coordination essential to...",15
10,P0eb99b99,"It's crucial that agi development should be collaborative, not competitive.","It's crucial that agi development should be collaborative, not competitive.",C4,"From my perspective, agi development should be collaborative...",14
10,P131f32c8,International coordination essential to prevent dangerous AI race.,International coordination essential to prevent dangerous AI race.,C1,"From my perspective, international coordination essential to...",15
10,P168f0c91,"From my perspective, agi development should be collaborative, not competitive.","From my perspective, agi development should be collaborative, not competitive.",C4,"From my perspective, agi development should be collaborative...",14
10,P190e6d95,Philosophical and ethical frameworks must precede technical development. We cannot afford to ignore ...,Philosophical and ethical frameworks must precede technical development. We cann...,C5,Philosophical and ethical frameworks must precede technical ...,14
10,P1b07fbdd,"From my perspective, agi development should be collaborative, not competitive.","From my perspective, agi development should be collaborative, not competitive.",C4,"From my perspective, agi development should be collaborative...",14
10,P1d73b124,I believe philosophical and ethical frameworks must precede technical development.,I believe philosophical and ethical frameworks must precede technical developmen...,C5,Philosophical and ethical frameworks must precede technical ...,14
10,P1ee3821a,"From my perspective, extensive safety research before pursuing agi capabilities.","From my perspective, extensive safety research before pursuing agi capabilities.",C2,Extensive safety research before pursuing AGI capabilities.,15
10,P20ce77ae,Extensive safety research before pursuing AGI capabilities.,Extensive safety research before pursuing AGI capabilities.,C2,Extensive safety research before pursuing AGI capabilities.,15
10,P23224897,It's crucial that extensive safety research before pursuing agi capabilities.,It's crucial that extensive safety research before pursuing agi capabilities.,C2,Extensive safety research before pursuing AGI capabilities.,15
10,P23c4a9b9,We must consider that international coordination essential to prevent dangerous ai race.,We must consider that international coordination essential to prevent dangerous ...,C1,"From my perspective, international coordination essential to...",15
10,P24fbff84,"From my perspective, international coordination essential to prevent dangerous ai race.","From my perspective, international coordination essential to prevent dangerous a...",C1,"From my perspective, international coordination essential to...",15
10,P2547830a,"It's crucial that commitment to ensuring agi benefits all humanity, not narrow interests.","It's crucial that commitment to ensuring agi benefits all humanity, not narrow i...",C7,It's crucial that commitment to ensuring agi benefits all hu...,14
10,P262efb3e,I believe extensive safety research before pursuing agi capabilities.,I believe extensive safety research before pursuing agi capabilities.,C2,Extensive safety research before pursuing AGI capabilities.,15
10,P27631a9f,"From my perspective, clear red lines on capabilities that shouldn't be developed.","From my perspective, clear red lines on capabilities that shouldn't be developed...",C3,Clear red lines on capabilities that shouldn't be developed....,14
10,P27f9b918,Philosophical and ethical frameworks must precede technical development.,Philosophical and ethical frameworks must precede technical development.,C5,Philosophical and ethical frameworks must precede technical ...,14
10,P2cdb9814,"Commitment to ensuring AGI benefits all humanity, not narrow interests. We cannot afford to ignore t...","Commitment to ensuring AGI benefits all humanity, not narrow interests. We canno...",C7,It's crucial that commitment to ensuring agi benefits all hu...,14
10,P2f985e95,I believe clear red lines on capabilities that shouldn't be developed.,I believe clear red lines on capabilities that shouldn't be developed.,C3,Clear red lines on capabilities that shouldn't be developed....,14
10,P31d67d3b,"Commitment to ensuring AGI benefits all humanity, not narrow interests. This is fundamentally import...","Commitment to ensuring AGI benefits all humanity, not narrow interests. This is ...",C7,It's crucial that commitment to ensuring agi benefits all hu...,14
10,P360e4eff,"From my perspective, clear red lines on capabilities that shouldn't be developed.","From my perspective, clear red lines on capabilities that shouldn't be developed...",C3,Clear red lines on capabilities that shouldn't be developed....,14
10,P36cc190c,We must consider that extensive safety research before pursuing agi capabilities.,We must consider that extensive safety research before pursuing agi capabilities...,C2,Extensive safety research before pursuing AGI capabilities.,15
10,P3836ca7d,Extensive safety research before pursuing AGI capabilities.,Extensive safety research before pursuing AGI capabilities.,C2,Extensive safety research before pursuing AGI capabilities.,15
10,P3ae7e5c2,I believe international coordination essential to prevent dangerous ai race.,I believe international coordination essential to prevent dangerous ai race.,C1,"From my perspective, international coordination essential to...",15
10,P3b25a331,We must consider that extensive safety research before pursuing agi capabilities.,We must consider that extensive safety research before pursuing agi capabilities...,C2,Extensive safety research before pursuing AGI capabilities.,15
10,P3ff5b54c,Public input and democratic governance over AGI direction.,Public input and democratic governance over AGI direction.,C6,We must consider that public input and democratic governance...,14
10,P4395a771,We must consider that clear red lines on capabilities that shouldn't be developed.,We must consider that clear red lines on capabilities that shouldn't be develope...,C3,Clear red lines on capabilities that shouldn't be developed....,14
10,P497d37fe,It's crucial that international coordination essential to prevent dangerous ai race.,It's crucial that international coordination essential to prevent dangerous ai r...,C1,"From my perspective, international coordination essential to...",15
10,P4adeb1de,Public input and democratic governance over AGI direction.,Public input and democratic governance over AGI direction.,C6,We must consider that public input and democratic governance...,14
10,P4c05e249,"Commitment to ensuring AGI benefits all humanity, not narrow interests. This is fundamentally import...","Commitment to ensuring AGI benefits all humanity, not narrow interests. This is ...",C7,It's crucial that commitment to ensuring agi benefits all hu...,14
10,P4e8e9b9c,Public input and democratic governance over AGI direction. We cannot afford to ignore this.,Public input and democratic governance over AGI direction. We cannot afford to i...,C6,We must consider that public input and democratic governance...,14
10,P504d565a,"AGI development should be collaborative, not competitive. This is fundamentally important.","AGI development should be collaborative, not competitive. This is fundamentally ...",C4,"From my perspective, agi development should be collaborative...",14
10,P512efe84,It's crucial that extensive safety research before pursuing agi capabilities.,It's crucial that extensive safety research before pursuing agi capabilities.,C2,Extensive safety research before pursuing AGI capabilities.,15
10,P51892015,I believe philosophical and ethical frameworks must precede technical development.,I believe philosophical and ethical frameworks must precede technical developmen...,C5,Philosophical and ethical frameworks must precede technical ...,14
10,P5682fc21,"I believe agi development should be collaborative, not competitive.","I believe agi development should be collaborative, not competitive.",C4,"From my perspective, agi development should be collaborative...",14
10,P57cb6f7e,"AGI development should be collaborative, not competitive.","AGI development should be collaborative, not competitive.",C4,"From my perspective, agi development should be collaborative...",14
10,P5b8664a6,Public input and democratic governance over AGI direction. We cannot afford to ignore this.,Public input and democratic governance over AGI direction. We cannot afford to i...,C6,We must consider that public input and democratic governance...,14
10,P5c65416c,We must consider that philosophical and ethical frameworks must precede technical development.,We must consider that philosophical and ethical frameworks must precede technica...,C5,Philosophical and ethical frameworks must precede technical ...,14
10,P5cf072e0,It's crucial that extensive safety research before pursuing agi capabilities.,It's crucial that extensive safety research before pursuing agi capabilities.,C2,Extensive safety research before pursuing AGI capabilities.,15
10,P5f408b6f,Clear red lines on capabilities that shouldn't be developed. We cannot afford to ignore this.,Clear red lines on capabilities that shouldn't be developed. We cannot afford to...,C3,Clear red lines on capabilities that shouldn't be developed....,14
10,P61887846,"From my perspective, philosophical and ethical frameworks must precede technical development.","From my perspective, philosophical and ethical frameworks must precede technical...",C5,Philosophical and ethical frameworks must precede technical ...,14
10,P61ecbb02,"AGI development should be collaborative, not competitive. We cannot afford to ignore this.","AGI development should be collaborative, not competitive. We cannot afford to ig...",C4,"From my perspective, agi development should be collaborative...",14
10,P63e59170,Clear red lines on capabilities that shouldn't be developed. This is fundamentally important.,Clear red lines on capabilities that shouldn't be developed. This is fundamental...,C3,Clear red lines on capabilities that shouldn't be developed....,14
10,P64995125,I believe philosophical and ethical frameworks must precede technical development.,I believe philosophical and ethical frameworks must precede technical developmen...,C5,Philosophical and ethical frameworks must precede technical ...,14
10,P6639a427,"We must consider that commitment to ensuring agi benefits all humanity, not narrow interests.","We must consider that commitment to ensuring agi benefits all humanity, not narr...",C7,It's crucial that commitment to ensuring agi benefits all hu...,14
10,P6824dbe6,We must consider that philosophical and ethical frameworks must precede technical development.,We must consider that philosophical and ethical frameworks must precede technica...,C5,Philosophical and ethical frameworks must precede technical ...,14
10,P6b22ea83,We must consider that public input and democratic governance over agi direction.,We must consider that public input and democratic governance over agi direction.,C6,We must consider that public input and democratic governance...,14
10,P6c5d2547,I believe international coordination essential to prevent dangerous ai race.,I believe international coordination essential to prevent dangerous ai race.,C1,"From my perspective, international coordination essential to...",15
10,P6d2a23b9,International coordination essential to prevent dangerous AI race. We cannot afford to ignore this.,International coordination essential to prevent dangerous AI race. We cannot aff...,C1,"From my perspective, international coordination essential to...",15
10,P71764af9,It's crucial that clear red lines on capabilities that shouldn't be developed.,It's crucial that clear red lines on capabilities that shouldn't be developed.,C3,Clear red lines on capabilities that shouldn't be developed....,14
10,P7177a4e6,We must consider that extensive safety research before pursuing agi capabilities.,We must consider that extensive safety research before pursuing agi capabilities...,C2,Extensive safety research before pursuing AGI capabilities.,15
10,P7521d8ab,It's crucial that public input and democratic governance over agi direction.,It's crucial that public input and democratic governance over agi direction.,C6,We must consider that public input and democratic governance...,14
10,P759aabf3,Philosophical and ethical frameworks must precede technical development. This is fundamentally impor...,Philosophical and ethical frameworks must precede technical development. This is...,C5,Philosophical and ethical frameworks must precede technical ...,14
10,P776d9aa7,Public input and democratic governance over AGI direction.,Public input and democratic governance over AGI direction.,C6,We must consider that public input and democratic governance...,14
10,P78eb7418,Extensive safety research before pursuing AGI capabilities. This is fundamentally important.,Extensive safety research before pursuing AGI capabilities. This is fundamentall...,C2,Extensive safety research before pursuing AGI capabilities.,15
10,P80b2eea9,I believe clear red lines on capabilities that shouldn't be developed.,I believe clear red lines on capabilities that shouldn't be developed.,C3,Clear red lines on capabilities that shouldn't be developed....,14
10,P8101b76c,"From my perspective, philosophical and ethical frameworks must precede technical development.","From my perspective, philosophical and ethical frameworks must precede technical...",C5,Philosophical and ethical frameworks must precede technical ...,14
10,P829cd464,International coordination essential to prevent dangerous AI race. This is fundamentally important.,International coordination essential to prevent dangerous AI race. This is funda...,C1,"From my perspective, international coordination essential to...",15
10,P89a712c3,International coordination essential to prevent dangerous AI race. We cannot afford to ignore this.,International coordination essential to prevent dangerous AI race. We cannot aff...,C1,"From my perspective, international coordination essential to...",15
10,P8b0e855b,International coordination essential to prevent dangerous AI race.,International coordination essential to prevent dangerous AI race.,C1,"From my perspective, international coordination essential to...",15
10,P91bf5e99,I believe philosophical and ethical frameworks must precede technical development.,I believe philosophical and ethical frameworks must precede technical developmen...,C5,Philosophical and ethical frameworks must precede technical ...,14
10,P95e3153b,"Commitment to ensuring AGI benefits all humanity, not narrow interests. This is fundamentally import...","Commitment to ensuring AGI benefits all humanity, not narrow interests. This is ...",C7,It's crucial that commitment to ensuring agi benefits all hu...,14
10,P9d58b963,"From my perspective, public input and democratic governance over agi direction.","From my perspective, public input and democratic governance over agi direction.",C6,We must consider that public input and democratic governance...,14
10,Pa1714937,We must consider that clear red lines on capabilities that shouldn't be developed.,We must consider that clear red lines on capabilities that shouldn't be develope...,C3,Clear red lines on capabilities that shouldn't be developed....,14
10,Pa1c63eed,It's crucial that public input and democratic governance over agi direction.,It's crucial that public input and democratic governance over agi direction.,C6,We must consider that public input and democratic governance...,14
10,Pa4fccbf3,Clear red lines on capabilities that shouldn't be developed. This is fundamentally important.,Clear red lines on capabilities that shouldn't be developed. This is fundamental...,C3,Clear red lines on capabilities that shouldn't be developed....,14
10,Pa88028c8,"We must consider that commitment to ensuring agi benefits all humanity, not narrow interests.","We must consider that commitment to ensuring agi benefits all humanity, not narr...",C7,It's crucial that commitment to ensuring agi benefits all hu...,14
10,Pab885aa9,"From my perspective, public input and democratic governance over agi direction.","From my perspective, public input and democratic governance over agi direction.",C6,We must consider that public input and democratic governance...,14
10,Pb6a694e6,Clear red lines on capabilities that shouldn't be developed. This is fundamentally important.,Clear red lines on capabilities that shouldn't be developed. This is fundamental...,C3,Clear red lines on capabilities that shouldn't be developed....,14
10,Pb880c25e,"We must consider that agi development should be collaborative, not competitive.","We must consider that agi development should be collaborative, not competitive.",C4,"From my perspective, agi development should be collaborative...",14
10,Pba96e22c,"AGI development should be collaborative, not competitive.","AGI development should be collaborative, not competitive.",C4,"From my perspective, agi development should be collaborative...",14
10,Pbaa47570,"AGI development should be collaborative, not competitive. We cannot afford to ignore this.","AGI development should be collaborative, not competitive. We cannot afford to ig...",C4,"From my perspective, agi development should be collaborative...",14
10,Pbba0d4fb,"From my perspective, international coordination essential to prevent dangerous ai race.","From my perspective, international coordination essential to prevent dangerous a...",C1,"From my perspective, international coordination essential to...",15
10,Pc57acc64,Philosophical and ethical frameworks must precede technical development. We cannot afford to ignore ...,Philosophical and ethical frameworks must precede technical development. We cann...,C5,Philosophical and ethical frameworks must precede technical ...,14
10,Pc5878b4f,"Commitment to ensuring AGI benefits all humanity, not narrow interests.","Commitment to ensuring AGI benefits all humanity, not narrow interests.",C7,It's crucial that commitment to ensuring agi benefits all hu...,14
10,Pc6180062,Philosophical and ethical frameworks must precede technical development. This is fundamentally impor...,Philosophical and ethical frameworks must precede technical development. This is...,C5,Philosophical and ethical frameworks must precede technical ...,14
10,Pc7a83175,"Commitment to ensuring AGI benefits all humanity, not narrow interests. This is fundamentally import...","Commitment to ensuring AGI benefits all humanity, not narrow interests. This is ...",C7,It's crucial that commitment to ensuring agi benefits all hu...,14
10,Pc88136a7,"I believe commitment to ensuring agi benefits all humanity, not narrow interests.","I believe commitment to ensuring agi benefits all humanity, not narrow interests...",C7,It's crucial that commitment to ensuring agi benefits all hu...,14
10,Pca4dcab8,I believe extensive safety research before pursuing agi capabilities.,I believe extensive safety research before pursuing agi capabilities.,C2,Extensive safety research before pursuing AGI capabilities.,15
10,Pcb77d9bd,We must consider that clear red lines on capabilities that shouldn't be developed.,We must consider that clear red lines on capabilities that shouldn't be develope...,C3,Clear red lines on capabilities that shouldn't be developed....,14
10,Pcdfdb02f,"From my perspective, agi development should be collaborative, not competitive.","From my perspective, agi development should be collaborative, not competitive.",C4,"From my perspective, agi development should be collaborative...",14
10,Pcf2f7ae0,"We must consider that commitment to ensuring agi benefits all humanity, not narrow interests.","We must consider that commitment to ensuring agi benefits all humanity, not narr...",C7,It's crucial that commitment to ensuring agi benefits all hu...,14
10,Pd0dd922e,"It's crucial that agi development should be collaborative, not competitive.","It's crucial that agi development should be collaborative, not competitive.",C4,"From my perspective, agi development should be collaborative...",14
10,Pd1580603,I believe public input and democratic governance over agi direction.,I believe public input and democratic governance over agi direction.,C6,We must consider that public input and democratic governance...,14
10,Pd210264b,Clear red lines on capabilities that shouldn't be developed.,Clear red lines on capabilities that shouldn't be developed.,C3,Clear red lines on capabilities that shouldn't be developed....,14
10,Pde8a4fa7,"We must consider that commitment to ensuring agi benefits all humanity, not narrow interests.","We must consider that commitment to ensuring agi benefits all humanity, not narr...",C7,It's crucial that commitment to ensuring agi benefits all hu...,14
10,Pe18ff10f,We must consider that public input and democratic governance over agi direction.,We must consider that public input and democratic governance over agi direction.,C6,We must consider that public input and democratic governance...,14
10,Pe6bca442,"I believe commitment to ensuring agi benefits all humanity, not narrow interests.","I believe commitment to ensuring agi benefits all humanity, not narrow interests...",C7,It's crucial that commitment to ensuring agi benefits all hu...,14
10,Pe7b6d36b,"I believe agi development should be collaborative, not competitive.","I believe agi development should be collaborative, not competitive.",C4,"From my perspective, agi development should be collaborative...",14
10,Pe818df3b,"From my perspective, philosophical and ethical frameworks must precede technical development.","From my perspective, philosophical and ethical frameworks must precede technical...",C5,Philosophical and ethical frameworks must precede technical ...,14
10,Pf1016d97,I believe extensive safety research before pursuing agi capabilities.,I believe extensive safety research before pursuing agi capabilities.,C2,Extensive safety research before pursuing AGI capabilities.,15
10,Pf2549298,"From my perspective, public input and democratic governance over agi direction.","From my perspective, public input and democratic governance over agi direction.",C6,We must consider that public input and democratic governance...,14
10,Pf3d98eca,"From my perspective, international coordination essential to prevent dangerous ai race.","From my perspective, international coordination essential to prevent dangerous a...",C1,"From my perspective, international coordination essential to...",15
10,Pfc1eaa27,"Commitment to ensuring AGI benefits all humanity, not narrow interests. We cannot afford to ignore t...","Commitment to ensuring AGI benefits all humanity, not narrow interests. We canno...",C7,It's crucial that commitment to ensuring agi benefits all hu...,14
10,Pfd091ffb,International coordination essential to prevent dangerous AI race.,International coordination essential to prevent dangerous AI race.,C1,"From my perspective, international coordination essential to...",15
10,Pfda3da68,Extensive safety research before pursuing AGI capabilities.,Extensive safety research before pursuing AGI capabilities.,C2,Extensive safety research before pursuing AGI capabilities.,15
10,Pfdacd6bf,We must consider that public input and democratic governance over agi direction.,We must consider that public input and democratic governance over agi direction.,C6,We must consider that public input and democratic governance...,14
2,P000a5484,Independent oversight boards with technical and ethical expertise. We cannot afford to ignore this.,Independent oversight boards with technical and ethical expertise. We cannot aff...,C4,Independent oversight boards with technical and ethical expe...,14
2,P006937c9,We must consider that clear documentation of training data sources and potential biases.,We must consider that clear documentation of training data sources and potential...,C3,Clear documentation of training data sources and potential b...,14
2,P05e6a3a1,I believe mandatory impact assessments before deploying ai in sensitive domains.,I believe mandatory impact assessments before deploying ai in sensitive domains.,C1,"From my perspective, mandatory impact assessments before dep...",15
2,P0661ec6e,We must consider that open-source ai models would allow public scrutiny and independent verification...,We must consider that open-source ai models would allow public scrutiny and inde...,C2,Open-source AI models would allow public scrutiny and indepe...,15
2,P0add2d06,It's crucial that open-source ai models would allow public scrutiny and independent verification.,It's crucial that open-source ai models would allow public scrutiny and independ...,C2,Open-source AI models would allow public scrutiny and indepe...,15
2,P0eb99b99,We must consider that independent oversight boards with technical and ethical expertise.,We must consider that independent oversight boards with technical and ethical ex...,C4,Independent oversight boards with technical and ethical expe...,14
2,P131f32c8,Open-source AI models would allow public scrutiny and independent verification. This is fundamentall...,Open-source AI models would allow public scrutiny and independent verification. ...,C2,Open-source AI models would allow public scrutiny and indepe...,15
2,P168f0c91,Independent oversight boards with technical and ethical expertise.,Independent oversight boards with technical and ethical expertise.,C4,Independent oversight boards with technical and ethical expe...,14
2,P190e6d95,It's crucial that real-time monitoring systems to detect and correct ai failures.,It's crucial that real-time monitoring systems to detect and correct ai failures...,C5,Real-time monitoring systems to detect and correct AI failur...,14
2,P1b07fbdd,We must consider that independent oversight boards with technical and ethical expertise.,We must consider that independent oversight boards with technical and ethical ex...,C4,Independent oversight boards with technical and ethical expe...,14
2,P1d73b124,"From my perspective, real-time monitoring systems to detect and correct ai failures.","From my perspective, real-time monitoring systems to detect and correct ai failu...",C5,Real-time monitoring systems to detect and correct AI failur...,14
2,P1ee3821a,I believe mandatory impact assessments before deploying ai in sensitive domains.,I believe mandatory impact assessments before deploying ai in sensitive domains.,C1,"From my perspective, mandatory impact assessments before dep...",15
2,P20ce77ae,We must consider that mandatory impact assessments before deploying ai in sensitive domains.,We must consider that mandatory impact assessments before deploying ai in sensit...,C1,"From my perspective, mandatory impact assessments before dep...",15
2,P23224897,"From my perspective, mandatory impact assessments before deploying ai in sensitive domains.","From my perspective, mandatory impact assessments before deploying ai in sensiti...",C1,"From my perspective, mandatory impact assessments before dep...",15
2,P23c4a9b9,Open-source AI models would allow public scrutiny and independent verification. This is fundamentall...,Open-source AI models would allow public scrutiny and independent verification. ...,C2,Open-source AI models would allow public scrutiny and indepe...,15
2,P24fbff84,Open-source AI models would allow public scrutiny and independent verification. This is fundamentall...,Open-source AI models would allow public scrutiny and independent verification. ...,C2,Open-source AI models would allow public scrutiny and indepe...,15
2,P2547830a,"From my perspective, whistleblower protections for those who report ai safety concerns.","From my perspective, whistleblower protections for those who report ai safety co...",C7,We must consider that whistleblower protections for those wh...,14
2,P262efb3e,Mandatory impact assessments before deploying AI in sensitive domains.,Mandatory impact assessments before deploying AI in sensitive domains.,C1,"From my perspective, mandatory impact assessments before dep...",15
2,P27631a9f,We must consider that clear documentation of training data sources and potential biases.,We must consider that clear documentation of training data sources and potential...,C3,Clear documentation of training data sources and potential b...,14
2,P27f9b918,Real-time monitoring systems to detect and correct AI failures.,Real-time monitoring systems to detect and correct AI failures.,C5,Real-time monitoring systems to detect and correct AI failur...,14
2,P2cdb9814,Whistleblower protections for those who report AI safety concerns. We cannot afford to ignore this.,Whistleblower protections for those who report AI safety concerns. We cannot aff...,C7,We must consider that whistleblower protections for those wh...,14
2,P2f985e95,Clear documentation of training data sources and potential biases.,Clear documentation of training data sources and potential biases.,C3,Clear documentation of training data sources and potential b...,14
2,P31d67d3b,We must consider that whistleblower protections for those who report ai safety concerns.,We must consider that whistleblower protections for those who report ai safety c...,C7,We must consider that whistleblower protections for those wh...,14
2,P360e4eff,I believe clear documentation of training data sources and potential biases.,I believe clear documentation of training data sources and potential biases.,C3,Clear documentation of training data sources and potential b...,14
2,P36cc190c,Mandatory impact assessments before deploying AI in sensitive domains.,Mandatory impact assessments before deploying AI in sensitive domains.,C1,"From my perspective, mandatory impact assessments before dep...",15
2,P3836ca7d,"From my perspective, mandatory impact assessments before deploying ai in sensitive domains.","From my perspective, mandatory impact assessments before deploying ai in sensiti...",C1,"From my perspective, mandatory impact assessments before dep...",15
2,P3ae7e5c2,I believe open-source ai models would allow public scrutiny and independent verification.,I believe open-source ai models would allow public scrutiny and independent veri...,C2,Open-source AI models would allow public scrutiny and indepe...,15
2,P3b25a331,"From my perspective, mandatory impact assessments before deploying ai in sensitive domains.","From my perspective, mandatory impact assessments before deploying ai in sensiti...",C1,"From my perspective, mandatory impact assessments before dep...",15
2,P3ff5b54c,I believe public registers of high-risk ai systems similar to drug approvals.,I believe public registers of high-risk ai systems similar to drug approvals.,C6,"From my perspective, public registers of high-risk ai system...",14
2,P4395a771,Clear documentation of training data sources and potential biases.,Clear documentation of training data sources and potential biases.,C3,Clear documentation of training data sources and potential b...,14
2,P497d37fe,Open-source AI models would allow public scrutiny and independent verification. This is fundamentall...,Open-source AI models would allow public scrutiny and independent verification. ...,C2,Open-source AI models would allow public scrutiny and indepe...,15
2,P4adeb1de,Public registers of high-risk AI systems similar to drug approvals. We cannot afford to ignore this.,Public registers of high-risk AI systems similar to drug approvals. We cannot af...,C6,"From my perspective, public registers of high-risk ai system...",14
2,P4c05e249,It's crucial that whistleblower protections for those who report ai safety concerns.,It's crucial that whistleblower protections for those who report ai safety conce...,C7,We must consider that whistleblower protections for those wh...,14
2,P4e8e9b9c,Public registers of high-risk AI systems similar to drug approvals.,Public registers of high-risk AI systems similar to drug approvals.,C6,"From my perspective, public registers of high-risk ai system...",14
2,P504d565a,Independent oversight boards with technical and ethical expertise. This is fundamentally important.,Independent oversight boards with technical and ethical expertise. This is funda...,C4,Independent oversight boards with technical and ethical expe...,14
2,P512efe84,Mandatory impact assessments before deploying AI in sensitive domains.,Mandatory impact assessments before deploying AI in sensitive domains.,C1,"From my perspective, mandatory impact assessments before dep...",15
2,P51892015,I believe real-time monitoring systems to detect and correct ai failures.,I believe real-time monitoring systems to detect and correct ai failures.,C5,Real-time monitoring systems to detect and correct AI failur...,14
2,P5682fc21,It's crucial that independent oversight boards with technical and ethical expertise.,It's crucial that independent oversight boards with technical and ethical expert...,C4,Independent oversight boards with technical and ethical expe...,14
2,P57cb6f7e,I believe independent oversight boards with technical and ethical expertise.,I believe independent oversight boards with technical and ethical expertise.,C4,Independent oversight boards with technical and ethical expe...,14
2,P5b8664a6,I believe public registers of high-risk ai systems similar to drug approvals.,I believe public registers of high-risk ai systems similar to drug approvals.,C6,"From my perspective, public registers of high-risk ai system...",14
2,P5c65416c,Real-time monitoring systems to detect and correct AI failures. This is fundamentally important.,Real-time monitoring systems to detect and correct AI failures. This is fundamen...,C5,Real-time monitoring systems to detect and correct AI failur...,14
2,P5cf072e0,Mandatory impact assessments before deploying AI in sensitive domains. This is fundamentally importa...,Mandatory impact assessments before deploying AI in sensitive domains. This is f...,C1,"From my perspective, mandatory impact assessments before dep...",15
2,P5f408b6f,Clear documentation of training data sources and potential biases. This is fundamentally important.,Clear documentation of training data sources and potential biases. This is funda...,C3,Clear documentation of training data sources and potential b...,14
2,P61887846,Real-time monitoring systems to detect and correct AI failures. This is fundamentally important.,Real-time monitoring systems to detect and correct AI failures. This is fundamen...,C5,Real-time monitoring systems to detect and correct AI failur...,14
2,P61ecbb02,Independent oversight boards with technical and ethical expertise. We cannot afford to ignore this.,Independent oversight boards with technical and ethical expertise. We cannot aff...,C4,Independent oversight boards with technical and ethical expe...,14
2,P63e59170,Clear documentation of training data sources and potential biases. This is fundamentally important.,Clear documentation of training data sources and potential biases. This is funda...,C3,Clear documentation of training data sources and potential b...,14
2,P64995125,Real-time monitoring systems to detect and correct AI failures. We cannot afford to ignore this.,Real-time monitoring systems to detect and correct AI failures. We cannot afford...,C5,Real-time monitoring systems to detect and correct AI failur...,14
2,P6639a427,Whistleblower protections for those who report AI safety concerns. This is fundamentally important.,Whistleblower protections for those who report AI safety concerns. This is funda...,C7,We must consider that whistleblower protections for those wh...,14
2,P6824dbe6,Real-time monitoring systems to detect and correct AI failures. This is fundamentally important.,Real-time monitoring systems to detect and correct AI failures. This is fundamen...,C5,Real-time monitoring systems to detect and correct AI failur...,14
2,P6b22ea83,Public registers of high-risk AI systems similar to drug approvals.,Public registers of high-risk AI systems similar to drug approvals.,C6,"From my perspective, public registers of high-risk ai system...",14
2,P6c5d2547,"From my perspective, open-source ai models would allow public scrutiny and independent verification.","From my perspective, open-source ai models would allow public scrutiny and indep...",C2,Open-source AI models would allow public scrutiny and indepe...,15
2,P6d2a23b9,Open-source AI models would allow public scrutiny and independent verification. We cannot afford to ...,Open-source AI models would allow public scrutiny and independent verification. ...,C2,Open-source AI models would allow public scrutiny and indepe...,15
2,P71764af9,I believe clear documentation of training data sources and potential biases.,I believe clear documentation of training data sources and potential biases.,C3,Clear documentation of training data sources and potential b...,14
2,P7177a4e6,It's crucial that mandatory impact assessments before deploying ai in sensitive domains.,It's crucial that mandatory impact assessments before deploying ai in sensitive ...,C1,"From my perspective, mandatory impact assessments before dep...",15
2,P7521d8ab,"From my perspective, public registers of high-risk ai systems similar to drug approvals.","From my perspective, public registers of high-risk ai systems similar to drug ap...",C6,"From my perspective, public registers of high-risk ai system...",14
2,P759aabf3,I believe real-time monitoring systems to detect and correct ai failures.,I believe real-time monitoring systems to detect and correct ai failures.,C5,Real-time monitoring systems to detect and correct AI failur...,14
2,P776d9aa7,Public registers of high-risk AI systems similar to drug approvals. This is fundamentally important.,Public registers of high-risk AI systems similar to drug approvals. This is fund...,C6,"From my perspective, public registers of high-risk ai system...",14
2,P78eb7418,"From my perspective, mandatory impact assessments before deploying ai in sensitive domains.","From my perspective, mandatory impact assessments before deploying ai in sensiti...",C1,"From my perspective, mandatory impact assessments before dep...",15
2,P80b2eea9,Clear documentation of training data sources and potential biases. This is fundamentally important.,Clear documentation of training data sources and potential biases. This is funda...,C3,Clear documentation of training data sources and potential b...,14
2,P8101b76c,Real-time monitoring systems to detect and correct AI failures. We cannot afford to ignore this.,Real-time monitoring systems to detect and correct AI failures. We cannot afford...,C5,Real-time monitoring systems to detect and correct AI failur...,14
2,P829cd464,Open-source AI models would allow public scrutiny and independent verification. This is fundamentall...,Open-source AI models would allow public scrutiny and independent verification. ...,C2,Open-source AI models would allow public scrutiny and indepe...,15
2,P89a712c3,Open-source AI models would allow public scrutiny and independent verification. This is fundamentall...,Open-source AI models would allow public scrutiny and independent verification. ...,C2,Open-source AI models would allow public scrutiny and indepe...,15
2,P8b0e855b,It's crucial that open-source ai models would allow public scrutiny and independent verification.,It's crucial that open-source ai models would allow public scrutiny and independ...,C2,Open-source AI models would allow public scrutiny and indepe...,15
2,P91bf5e99,Real-time monitoring systems to detect and correct AI failures.,Real-time monitoring systems to detect and correct AI failures.,C5,Real-time monitoring systems to detect and correct AI failur...,14
2,P95e3153b,Whistleblower protections for those who report AI safety concerns. This is fundamentally important.,Whistleblower protections for those who report AI safety concerns. This is funda...,C7,We must consider that whistleblower protections for those wh...,14
2,P9d58b963,I believe public registers of high-risk ai systems similar to drug approvals.,I believe public registers of high-risk ai systems similar to drug approvals.,C6,"From my perspective, public registers of high-risk ai system...",14
2,Pa1714937,Clear documentation of training data sources and potential biases. This is fundamentally important.,Clear documentation of training data sources and potential biases. This is funda...,C3,Clear documentation of training data sources and potential b...,14
2,Pa1c63eed,I believe public registers of high-risk ai systems similar to drug approvals.,I believe public registers of high-risk ai systems similar to drug approvals.,C6,"From my perspective, public registers of high-risk ai system...",14
2,Pa4fccbf3,Clear documentation of training data sources and potential biases.,Clear documentation of training data sources and potential biases.,C3,Clear documentation of training data sources and potential b...,14
2,Pa88028c8,Whistleblower protections for those who report AI safety concerns. This is fundamentally important.,Whistleblower protections for those who report AI safety concerns. This is funda...,C7,We must consider that whistleblower protections for those wh...,14
2,Pab885aa9,Public registers of high-risk AI systems similar to drug approvals. We cannot afford to ignore this.,Public registers of high-risk AI systems similar to drug approvals. We cannot af...,C6,"From my perspective, public registers of high-risk ai system...",14
2,Pb6a694e6,I believe clear documentation of training data sources and potential biases.,I believe clear documentation of training data sources and potential biases.,C3,Clear documentation of training data sources and potential b...,14
2,Pb880c25e,Independent oversight boards with technical and ethical expertise. This is fundamentally important.,Independent oversight boards with technical and ethical expertise. This is funda...,C4,Independent oversight boards with technical and ethical expe...,14
2,Pba96e22c,I believe independent oversight boards with technical and ethical expertise.,I believe independent oversight boards with technical and ethical expertise.,C4,Independent oversight boards with technical and ethical expe...,14
2,Pbaa47570,It's crucial that independent oversight boards with technical and ethical expertise.,It's crucial that independent oversight boards with technical and ethical expert...,C4,Independent oversight boards with technical and ethical expe...,14
2,Pbba0d4fb,I believe open-source ai models would allow public scrutiny and independent verification.,I believe open-source ai models would allow public scrutiny and independent veri...,C2,Open-source AI models would allow public scrutiny and indepe...,15
2,Pc57acc64,Real-time monitoring systems to detect and correct AI failures.,Real-time monitoring systems to detect and correct AI failures.,C5,Real-time monitoring systems to detect and correct AI failur...,14
2,Pc5878b4f,We must consider that whistleblower protections for those who report ai safety concerns.,We must consider that whistleblower protections for those who report ai safety c...,C7,We must consider that whistleblower protections for those wh...,14
2,Pc6180062,Real-time monitoring systems to detect and correct AI failures. This is fundamentally important.,Real-time monitoring systems to detect and correct AI failures. This is fundamen...,C5,Real-time monitoring systems to detect and correct AI failur...,14
2,Pc7a83175,"From my perspective, whistleblower protections for those who report ai safety concerns.","From my perspective, whistleblower protections for those who report ai safety co...",C7,We must consider that whistleblower protections for those wh...,14
2,Pc88136a7,Whistleblower protections for those who report AI safety concerns.,Whistleblower protections for those who report AI safety concerns.,C7,We must consider that whistleblower protections for those wh...,14
2,Pca4dcab8,It's crucial that mandatory impact assessments before deploying ai in sensitive domains.,It's crucial that mandatory impact assessments before deploying ai in sensitive ...,C1,"From my perspective, mandatory impact assessments before dep...",15
2,Pcb77d9bd,Clear documentation of training data sources and potential biases. This is fundamentally important.,Clear documentation of training data sources and potential biases. This is funda...,C3,Clear documentation of training data sources and potential b...,14
2,Pcdfdb02f,Independent oversight boards with technical and ethical expertise.,Independent oversight boards with technical and ethical expertise.,C4,Independent oversight boards with technical and ethical expe...,14
2,Pcf2f7ae0,Whistleblower protections for those who report AI safety concerns. We cannot afford to ignore this.,Whistleblower protections for those who report AI safety concerns. We cannot aff...,C7,We must consider that whistleblower protections for those wh...,14
2,Pd0dd922e,I believe independent oversight boards with technical and ethical expertise.,I believe independent oversight boards with technical and ethical expertise.,C4,Independent oversight boards with technical and ethical expe...,14
2,Pd1580603,Public registers of high-risk AI systems similar to drug approvals. We cannot afford to ignore this.,Public registers of high-risk AI systems similar to drug approvals. We cannot af...,C6,"From my perspective, public registers of high-risk ai system...",14
2,Pd210264b,It's crucial that clear documentation of training data sources and potential biases.,It's crucial that clear documentation of training data sources and potential bia...,C3,Clear documentation of training data sources and potential b...,14
2,Pde8a4fa7,I believe whistleblower protections for those who report ai safety concerns.,I believe whistleblower protections for those who report ai safety concerns.,C7,We must consider that whistleblower protections for those wh...,14
2,Pe18ff10f,It's crucial that public registers of high-risk ai systems similar to drug approvals.,It's crucial that public registers of high-risk ai systems similar to drug appro...,C6,"From my perspective, public registers of high-risk ai system...",14
2,Pe6bca442,Whistleblower protections for those who report AI safety concerns. We cannot afford to ignore this.,Whistleblower protections for those who report AI safety concerns. We cannot aff...,C7,We must consider that whistleblower protections for those wh...,14
2,Pe7b6d36b,Independent oversight boards with technical and ethical expertise. This is fundamentally important.,Independent oversight boards with technical and ethical expertise. This is funda...,C4,Independent oversight boards with technical and ethical expe...,14
2,Pe818df3b,Real-time monitoring systems to detect and correct AI failures.,Real-time monitoring systems to detect and correct AI failures.,C5,Real-time monitoring systems to detect and correct AI failur...,14
2,Pf1016d97,Mandatory impact assessments before deploying AI in sensitive domains.,Mandatory impact assessments before deploying AI in sensitive domains.,C1,"From my perspective, mandatory impact assessments before dep...",15
2,Pf2549298,"From my perspective, public registers of high-risk ai systems similar to drug approvals.","From my perspective, public registers of high-risk ai systems similar to drug ap...",C6,"From my perspective, public registers of high-risk ai system...",14
2,Pf3d98eca,Open-source AI models would allow public scrutiny and independent verification.,Open-source AI models would allow public scrutiny and independent verification.,C2,Open-source AI models would allow public scrutiny and indepe...,15
2,Pfc1eaa27,We must consider that whistleblower protections for those who report ai safety concerns.,We must consider that whistleblower protections for those who report ai safety c...,C7,We must consider that whistleblower protections for those wh...,14
2,Pfd091ffb,I believe open-source ai models would allow public scrutiny and independent verification.,I believe open-source ai models would allow public scrutiny and independent veri...,C2,Open-source AI models would allow public scrutiny and indepe...,15
2,Pfda3da68,We must consider that mandatory impact assessments before deploying ai in sensitive domains.,We must consider that mandatory impact assessments before deploying ai in sensit...,C1,"From my perspective, mandatory impact assessments before dep...",15
2,Pfdacd6bf,Public registers of high-risk AI systems similar to drug approvals. We cannot afford to ignore this.,Public registers of high-risk AI systems similar to drug approvals. We cannot af...,C6,"From my perspective, public registers of high-risk ai system...",14
